batch,job,name,seed,best_discrete,final_discrete,soft_full,hash_match
1,1,overnight_b001_j1,4101,7.218728542327881,78.90702819824219,0.4713302552700043,False
1,2,overnight_b001_j2,4102,24.63593101501465,40.86685562133789,0.44432729482650757,False
1,3,overnight_b001_j3,4103,9.645013809204102,78.75569152832031,0.4136700928211212,False
1,4,overnight_b001_j4,4104,24.470670700073242,58.64553451538086,0.32424646615982056,False
2,1,overnight_b002_j1,4201,3.3405444622039795,22.018949508666992,0.34146648645401,False
2,2,overnight_b002_j2,4202,1.141912817955017,17.44080352783203,0.436451256275177,False
2,3,overnight_b002_j3,4203,2.1593170166015625,2.1593170166015625,0.34677231311798096,False
2,4,overnight_b002_j4,4204,8.969029426574707,24.97358512878418,0.32946348190307617,False
3,1,overnight_b003_j1,4301,14.75841999053955,16.489402770996094,0.4464133679866791,False
3,2,overnight_b003_j2,4302,26.803043365478516,77.56129455566406,0.4170159101486206,False
3,3,overnight_b003_j3,4303,0.731137216091156,0.731137216091156,0.34616023302078247,False
3,4,overnight_b003_j4,4304,28.846654891967773,41.13496780395508,0.3233667016029358,False
4,1,overnight_b004_j1,4401,7.3091840744018555,18.217063903808594,0.3486926555633545,False
4,2,overnight_b004_j2,4402,2.0226786136627197,4.911746978759766,0.3608371913433075,False
4,3,overnight_b004_j3,4403,8.494539260864258,16.34299659729004,0.3342365622520447,False
4,4,overnight_b004_j4,4404,9.703486442565918,233.2449493408203,0.3549840450286865,False
5,1,overnight_b005_j1,4501,4.521798133850098,12.621336936950684,0.40042367577552795,False
5,2,overnight_b005_j2,4502,27.470792770385742,272.7846984863281,0.5503087639808655,False
5,3,overnight_b005_j3,4503,32.18726348876953,203.7003173828125,0.3878156244754791,False
5,4,overnight_b005_j4,4504,78.51052856445312,185.4009246826172,0.2873590290546417,False
6,1,overnight_b006_j1,4601,7.965582847595215,31.120786666870117,0.4702575206756592,False
6,2,overnight_b006_j2,4602,0.8568016290664673,0.8568016290664673,0.40681925415992737,False
6,3,overnight_b006_j3,4603,3.4353623390197754,27.08744239807129,0.3477436304092407,False
6,4,overnight_b006_j4,4604,38.90180206298828,38.90180206298828,0.36518359184265137,False
7,1,overnight_b007_j1,4701,15.520038604736328,33.55448913574219,0.396959513425827,False
7,2,overnight_b007_j2,4702,3.3912763595581055,10.887445449829102,0.43685418367385864,False
7,3,overnight_b007_j3,4703,4.166147232055664,27.93734359741211,0.4206952154636383,False
7,4,overnight_b007_j4,4704,5.885576248168945,91.32592010498047,0.32473909854888916,False
8,1,overnight_b008_j1,4801,2.41815185546875,34.46228790283203,0.4026516377925873,False
8,2,overnight_b008_j2,4802,1.6756256818771362,51.51666259765625,0.42150261998176575,False
8,3,overnight_b008_j3,4803,65.02118682861328,110.04249572753906,0.6660685539245605,False
8,4,overnight_b008_j4,4804,3.276031255722046,3.9356937408447266,0.36093488335609436,False
9,1,overnight_b009_j1,4901,15.800393104553223,169.88302612304688,0.5744035243988037,False
9,2,overnight_b009_j2,4902,5.241089820861816,18.095806121826172,0.6156669855117798,False
9,3,overnight_b009_j3,4903,0.9034759402275085,11.55798053741455,0.37961509823799133,False
9,4,overnight_b009_j4,4904,74.47022247314453,80.57303619384766,0.35726478695869446,False
10,1,overnight_b010_j1,5001,0.8851339817047119,3.6012113094329834,0.3757373094558716,False
10,2,overnight_b010_j2,5002,1.0417698621749878,39.854461669921875,0.6182255148887634,False
10,3,overnight_b010_j3,5003,13.448451042175293,65.10225677490234,0.3635130226612091,False
10,4,overnight_b010_j4,5004,1.0598037242889404,1.8334459066390991,0.33323144912719727,False
11,1,overnight_b011_j1,5101,15.405515670776367,15.405515670776367,0.4562385678291321,False
11,2,overnight_b011_j2,5102,1.490260124206543,1.490260124206543,0.4048837721347809,False
11,3,overnight_b011_j3,5103,38.52311706542969,151.42404174804688,0.4494567811489105,False
11,4,overnight_b011_j4,5104,4.697937965393066,50.491615295410156,0.32262876629829407,False
12,1,overnight_b012_j1,5201,1.1341363191604614,21.2163028717041,0.43335360288619995,False
12,2,overnight_b012_j2,5202,1.6421277523040771,9.331262588500977,0.5083649754524231,False
12,3,overnight_b012_j3,5203,46.704288482666016,48.555484771728516,0.3517080843448639,False
12,4,overnight_b012_j4,5204,7.251834392547607,12.64098834991455,0.37993156909942627,False
13,1,overnight_b013_j1,5301,18.9678897857666,162.96688842773438,0.4872337877750397,False
13,2,overnight_b013_j2,5302,0.824446439743042,0.824446439743042,0.47102516889572144,False
13,3,overnight_b013_j3,5303,10.10178279876709,97.05770111083984,0.4003686010837555,False
13,4,overnight_b013_j4,5304,17.203628540039062,78.71602630615234,0.34888944029808044,False
14,1,overnight_b014_j1,5401,1.7189491987228394,7.5520453453063965,0.3517841100692749,False
14,2,overnight_b014_j2,5402,14.051706314086914,32.30961227416992,0.4173995852470398,False
14,3,overnight_b014_j3,5403,47.977134704589844,256.9107360839844,0.29721829295158386,False
14,4,overnight_b014_j4,5404,11.500043869018555,12.414568901062012,0.3442332446575165,False
15,1,overnight_b015_j1,5501,5.277575492858887,23.733993530273438,0.4682767391204834,False
15,2,overnight_b015_j2,5502,13.329127311706543,22.13743019104004,0.35954028367996216,False
15,3,overnight_b015_j3,5503,83.4678955078125,154.57260131835938,0.3541102409362793,False
15,4,overnight_b015_j4,5504,22.38454246520996,15.579861640930176,0.3370077908039093,False
16,1,overnight_b016_j1,5601,1.0709137916564941,4.570259094238281,0.40684160590171814,False
16,2,overnight_b016_j2,5602,6.1371941566467285,36.25354766845703,0.6300578713417053,False
16,3,overnight_b016_j3,5603,59.536930084228516,77.10336303710938,0.40497973561286926,False
16,4,overnight_b016_j4,5604,1.7807601690292358,195.16143798828125,0.3744625747203827,False
17,1,overnight_b017_j1,5701,21.2706298828125,34.790992736816406,0.35922425985336304,False
17,2,overnight_b017_j2,5702,6.735217094421387,193.60675048828125,0.3351796269416809,False
17,3,overnight_b017_j3,5703,6.831883430480957,4.8267083168029785,0.3459436297416687,False
17,4,overnight_b017_j4,5704,3.3329927921295166,99.1776123046875,0.37994495034217834,False
18,1,overnight_b018_j1,5801,6.89793586730957,53.35990524291992,0.4130232334136963,False
18,2,overnight_b018_j2,5802,41.88679885864258,376.9445495605469,0.39967674016952515,False
18,3,overnight_b018_j3,5803,19.721040725708008,49.502079010009766,0.33972132205963135,False
18,4,overnight_b018_j4,5804,4.427900314331055,2.4515280723571777,0.3933145999908447,False
19,1,overnight_b019_j1,5901,9.429991722106934,22.2653865814209,0.5115062594413757,False
19,2,overnight_b019_j2,5902,8.810301780700684,75.79566955566406,0.46180593967437744,False
19,3,overnight_b019_j3,5903,37.95539474487305,35.98568344116211,0.3538210988044739,False
19,4,overnight_b019_j4,5904,12.143129348754883,12.782838821411133,0.4792172610759735,False
20,1,overnight_b020_j1,6001,22.866159439086914,35.15913391113281,0.4069400429725647,False
20,2,overnight_b020_j2,6002,0.7174953818321228,6.622185707092285,0.37975794076919556,False
20,3,overnight_b020_j3,6003,14.559791564941406,1.9881802797317505,0.3396293520927429,False
20,4,overnight_b020_j4,6004,6.994136333465576,15.462618827819824,0.4298604428768158,False
21,1,overnight_b021_j1,6101,19.498069763183594,8.961796760559082,0.3620869815349579,False
21,2,overnight_b021_j2,6102,2.5417401790618896,69.86197662353516,0.3744875490665436,False
21,3,overnight_b021_j3,6103,5.239864349365234,50.92021560668945,0.310817152261734,False
21,4,overnight_b021_j4,6104,8.14477825164795,19.044458389282227,0.34996917843818665,False
22,1,overnight_b022_j1,6201,19.999042510986328,87.69241333007812,0.3664950132369995,False
22,2,overnight_b022_j2,6202,6.321483612060547,27.865524291992188,0.49635204672813416,False
22,3,overnight_b022_j3,6203,1.4970083236694336,18.297054290771484,0.36624932289123535,False
22,4,overnight_b022_j4,6204,6.229136943817139,37.91555404663086,0.31064608693122864,False
23,1,overnight_b023_j1,6301,9.591489791870117,209.76524353027344,0.43878865242004395,False
23,2,overnight_b023_j2,6302,7.9312968254089355,16.42616081237793,0.5888350605964661,False
23,3,overnight_b023_j3,6303,54.98160934448242,268.6844482421875,0.3220474421977997,False
23,4,overnight_b023_j4,6304,4.928676128387451,75.34696197509766,0.3989286720752716,False
24,1,overnight_b024_j1,6401,2.0802037715911865,27.06074333190918,0.3922841250896454,False
24,2,overnight_b024_j2,6402,0.930527925491333,7.566823959350586,0.38870134949684143,False
24,3,overnight_b024_j3,6403,0.8498290777206421,42.94606018066406,0.3682897984981537,False
24,4,overnight_b024_j4,6404,5.466699123382568,7.432557582855225,0.316628634929657,False
25,1,overnight_b025_j1,6501,14.436555862426758,44.747093200683594,0.5238130688667297,False
25,2,overnight_b025_j2,6502,28.835596084594727,51.147911071777344,0.4762802720069885,False
25,3,overnight_b025_j3,6503,22.2320499420166,213.93112182617188,0.3225630819797516,False
25,4,overnight_b025_j4,6504,2.63029408454895,124.06412506103516,0.30249887704849243,False
26,1,overnight_b026_j1,6601,0.6534940004348755,1.3693432807922363,0.4376882314682007,False
26,2,overnight_b026_j2,6602,8.833069801330566,19.601789474487305,0.4140143096446991,False
26,3,overnight_b026_j3,6603,4.526143550872803,11.665868759155273,0.3281331956386566,False
26,4,overnight_b026_j4,6604,0.9189413785934448,22.213157653808594,0.351686954498291,False
27,1,overnight_b027_j1,6701,20.985139846801758,37.567222595214844,0.49309977889060974,False
27,2,overnight_b027_j2,6702,1.1010693311691284,1.1010693311691284,0.4713515639305115,False
27,3,overnight_b027_j3,6703,0.9401735067367554,63.81781768798828,0.3259987533092499,False
27,4,overnight_b027_j4,6704,25.98464584350586,139.7507781982422,0.3043597936630249,False
28,1,overnight_b028_j1,6801,0.9293923377990723,17.10042381286621,0.322939932346344,False
28,2,overnight_b028_j2,6802,5.455965518951416,12.91321086883545,0.38130009174346924,False
28,3,overnight_b028_j3,6803,4.836447715759277,20.743398666381836,0.3295321762561798,False
28,4,overnight_b028_j4,6804,11.0990571975708,157.72215270996094,0.3247421383857727,False
29,1,overnight_b029_j1,6901,5.4376020431518555,6.307312965393066,0.5291987657546997,False
29,2,overnight_b029_j2,6902,2.7045838832855225,1.6033880710601807,0.37791210412979126,False
29,3,overnight_b029_j3,6903,15.62810230255127,67.77073669433594,0.4257071316242218,False
29,4,overnight_b029_j4,6904,0.8506681323051453,1.8974769115447998,0.3277989625930786,False
30,1,overnight_b030_j1,7001,2.6494691371917725,11.513543128967285,0.40170809626579285,False
30,2,overnight_b030_j2,7002,2.126272201538086,55.32906723022461,0.42853203415870667,False
30,3,overnight_b030_j3,7003,5.763367652893066,6.65828800201416,0.34593620896339417,False
30,4,overnight_b030_j4,7004,105.00225830078125,483.5875244140625,0.33449530601501465,False
31,1,overnight_b031_j1,7101,5.606716632843018,138.44639587402344,0.40205344557762146,False
31,2,overnight_b031_j2,7102,6.447242736816406,6.447242736816406,0.4104681611061096,False
31,3,overnight_b031_j3,7103,3.9873464107513428,13.154457092285156,0.3342568278312683,False
31,4,overnight_b031_j4,7104,36.30192565917969,108.86957550048828,0.3450286090373993,False
32,1,overnight_b032_j1,7201,16.688318252563477,73.63861083984375,0.3334348201751709,False
32,2,overnight_b032_j2,7202,19.124080657958984,42.727455139160156,0.39840030670166016,False
32,3,overnight_b032_j3,7203,0.7462940216064453,2.433084487915039,0.3109684884548187,False
32,4,overnight_b032_j4,7204,134.02349853515625,114.02262115478516,0.3166770339012146,False
33,1,overnight_b033_j1,7301,20.495136260986328,206.5718994140625,0.483282208442688,False
33,2,overnight_b033_j2,7302,0.7959235906600952,4.024014949798584,0.37812089920043945,False
33,3,overnight_b033_j3,7303,39.54750061035156,181.0196990966797,0.3708547353744507,False
33,4,overnight_b033_j4,7304,33.76255416870117,30.934030532836914,0.5728217363357544,False
34,1,overnight_b034_j1,7401,7.8932623863220215,7.8932623863220215,0.4270789921283722,False
34,2,overnight_b034_j2,7402,15.58762264251709,15.58762264251709,0.46731820702552795,False
34,3,overnight_b034_j3,7403,21.760623931884766,42.62635040283203,0.3803260028362274,False
34,4,overnight_b034_j4,7404,2.8305718898773193,385.1002502441406,0.3536267876625061,False
35,1,overnight_b035_j1,7501,21.731924057006836,131.31092834472656,0.37314891815185547,False
35,2,overnight_b035_j2,7502,1.7996255159378052,26.379209518432617,0.3781145513057709,False
35,3,overnight_b035_j3,7503,35.169212341308594,28.20462989807129,0.3789460361003876,False
35,4,overnight_b035_j4,7504,7.627925395965576,42.741188049316406,0.3223326504230499,False
36,1,overnight_b036_j1,7601,2.6833455562591553,6.676208972930908,0.5242543816566467,False
36,2,overnight_b036_j2,7602,12.317239761352539,32.507938385009766,0.36357372999191284,False
36,3,overnight_b036_j3,7603,11.207286834716797,30.060314178466797,0.42928144335746765,False
36,4,overnight_b036_j4,7604,31.602489471435547,31.602489471435547,0.3047572672367096,False
37,1,overnight_b037_j1,7701,4.295538902282715,51.54330825805664,0.464618980884552,False
37,2,overnight_b037_j2,7702,14.26525592803955,14.72615909576416,0.5456839799880981,False
37,3,overnight_b037_j3,7703,5.698877811431885,80.77508544921875,0.35014569759368896,False
37,4,overnight_b037_j4,7704,47.634517669677734,189.90582275390625,0.3710034191608429,False
38,1,overnight_b038_j1,7801,11.727179527282715,16.914508819580078,0.3474389314651489,False
38,2,overnight_b038_j2,7802,9.474472045898438,30.798133850097656,0.3984624445438385,False
38,3,overnight_b038_j3,7803,6.165844440460205,16.3018741607666,0.36706599593162537,False
38,4,overnight_b038_j4,7804,5.556713104248047,2.9191341400146484,0.37166616320610046,False
39,1,overnight_b039_j1,7901,17.96727180480957,90.99229431152344,0.3872431218624115,False
39,2,overnight_b039_j2,7902,2.0994203090667725,19.287776947021484,0.49592772126197815,False
39,3,overnight_b039_j3,7903,0.9221843481063843,254.84629821777344,0.325845867395401,False
39,4,overnight_b039_j4,7904,31.005287170410156,157.52987670898438,0.340713232755661,False
40,1,overnight_b040_j1,8001,10.732070922851562,44.44650650024414,0.3425518870353699,False
40,2,overnight_b040_j2,8002,12.569588661193848,421.67340087890625,0.4526671767234802,False
40,3,overnight_b040_j3,8003,7.5161638259887695,37.235206604003906,0.4711250960826874,False
40,4,overnight_b040_j4,8004,34.2331428527832,73.76032257080078,0.36490723490715027,False
41,1,overnight_b041_j1,8101,52.761898040771484,183.1440887451172,0.3512461483478546,False
41,2,overnight_b041_j2,8102,1.370060920715332,12.38109302520752,0.3991895914077759,False
41,3,overnight_b041_j3,8103,30.7154483795166,48.03425979614258,0.3542941212654114,False
41,4,overnight_b041_j4,8104,6.250285625457764,344.7178955078125,0.31873857975006104,False
42,1,overnight_b042_j1,8201,0.8865253925323486,23.689800262451172,0.4988209903240204,False
42,2,overnight_b042_j2,8202,6.23289680480957,4.154906272888184,0.6164759397506714,False
42,3,overnight_b042_j3,8203,2.098667621612549,67.17382049560547,0.3430410921573639,False
42,4,overnight_b042_j4,8204,93.04542541503906,310.7044372558594,0.30814096331596375,False
43,1,overnight_b043_j1,8301,7.472666263580322,55.46194076538086,0.4871722459793091,False
43,2,overnight_b043_j2,8302,5.078131198883057,35.111473083496094,0.4033389687538147,False
43,3,overnight_b043_j3,8303,13.358019828796387,144.4972686767578,0.5782504677772522,False
43,4,overnight_b043_j4,8304,7.262500762939453,128.47622680664062,0.33083420991897583,False
44,1,overnight_b044_j1,8401,5.787480354309082,16.056610107421875,0.46573275327682495,False
44,2,overnight_b044_j2,8402,14.05696964263916,54.03894805908203,0.9608304500579834,False
44,3,overnight_b044_j3,8403,5.0132575035095215,54.801422119140625,0.39990606904029846,False
44,4,overnight_b044_j4,8404,6.894164085388184,138.9439239501953,0.33147236704826355,False
45,1,overnight_b045_j1,8501,1.0502002239227295,1.1694635152816772,0.41326233744621277,False
45,2,overnight_b045_j2,8502,6.2694501876831055,53.78288650512695,0.3748173415660858,False
45,3,overnight_b045_j3,8503,22.55963134765625,60.1719856262207,0.3917370140552521,False
45,4,overnight_b045_j4,8504,20.56564712524414,120.02727508544922,0.32729291915893555,False
46,1,overnight_b046_j1,8601,1.3201977014541626,1.3201977014541626,0.37116825580596924,False
46,2,overnight_b046_j2,8602,1.3230693340301514,8.568641662597656,0.3812667727470398,False
46,3,overnight_b046_j3,8603,27.1513614654541,97.85551452636719,0.35076528787612915,False
46,4,overnight_b046_j4,8604,20.19630241394043,26.275676727294922,0.3258648216724396,False
47,1,overnight_b047_j1,8701,1.1450587511062622,1.843738079071045,0.46238601207733154,False
47,2,overnight_b047_j2,8702,32.791038513183594,32.414161682128906,0.5557445883750916,False
47,3,overnight_b047_j3,8703,29.899227142333984,118.53292083740234,0.3272465765476227,False
47,4,overnight_b047_j4,8704,13.25788688659668,84.21691131591797,0.31158676743507385,False
48,1,overnight_b048_j1,8801,22.672758102416992,87.94989776611328,0.43691951036453247,False
48,2,overnight_b048_j2,8802,0.8991755843162537,14.673468589782715,0.4081241488456726,False
48,3,overnight_b048_j3,8803,1.7577948570251465,9.032526016235352,0.3349209427833557,False
48,4,overnight_b048_j4,8804,94.29487609863281,54.52714920043945,0.3412064015865326,False
49,1,overnight_b049_j1,8901,1.4403866529464722,6.325815677642822,0.4047814905643463,False
49,2,overnight_b049_j2,8902,6.339035987854004,12.02023696899414,0.41990095376968384,False
49,3,overnight_b049_j3,8903,11.733388900756836,86.93437957763672,0.4082046151161194,False
49,4,overnight_b049_j4,8904,51.21720504760742,26.83763313293457,0.32601967453956604,False
50,1,overnight_b050_j1,9001,1.0545589923858643,51.76036071777344,0.5060248970985413,False
50,2,overnight_b050_j2,9002,5.483384132385254,5.483384132385254,0.6289364099502563,False
50,3,overnight_b050_j3,9003,11.156245231628418,11.156245231628418,0.3428727090358734,False
50,4,overnight_b050_j4,9004,10.393148422241211,2.668652296066284,0.350760281085968,False
51,1,overnight_b051_j1,9101,10.744808197021484,21.894271850585938,0.32478511333465576,False
51,2,overnight_b051_j2,9102,24.9993896484375,33.14759063720703,0.39812561869621277,False
51,3,overnight_b051_j3,9103,30.486751556396484,269.6551818847656,0.4736879765987396,False
51,4,overnight_b051_j4,9104,11.763328552246094,3.3967673778533936,0.3384670615196228,False
52,1,overnight_b052_j1,9201,46.757755279541016,67.26493835449219,0.5799102187156677,False
52,2,overnight_b052_j2,9202,10.007052421569824,420.65924072265625,0.4442046284675598,False
52,3,overnight_b052_j3,9203,18.414155960083008,20.187227249145508,0.33886197209358215,False
52,4,overnight_b052_j4,9204,11.991168022155762,36.14121627807617,0.344107061624527,False
53,1,overnight_b053_j1,9301,36.3817024230957,74.83292388916016,0.37623560428619385,False
53,2,overnight_b053_j2,9302,10.939282417297363,72.4666976928711,0.38730761408805847,False
53,3,overnight_b053_j3,9303,31.797012329101562,64.81182098388672,0.3530668020248413,False
53,4,overnight_b053_j4,9304,119.69375610351562,138.93661499023438,0.3055763244628906,False
54,1,overnight_b054_j1,9401,3.1247711181640625,13.098438262939453,0.332214891910553,False
54,2,overnight_b054_j2,9402,2.955139398574829,2.955139398574829,0.4627707004547119,False
54,3,overnight_b054_j3,9403,51.301300048828125,131.2835235595703,0.3881632089614868,False
54,4,overnight_b054_j4,9404,10.954544067382812,58.58559799194336,0.3443111181259155,False
55,1,overnight_b055_j1,9501,1.98655366897583,10.168933868408203,0.448874294757843,False
55,2,overnight_b055_j2,9502,1.2038418054580688,6.1765618324279785,0.40240493416786194,False
55,3,overnight_b055_j3,9503,18.26650047302246,215.3885498046875,0.3625864088535309,False
55,4,overnight_b055_j4,9504,20.681880950927734,20.681880950927734,0.32608938217163086,False
56,1,overnight_b056_j1,9601,0.831468939781189,7.462841987609863,0.5066245198249817,False
56,2,overnight_b056_j2,9602,1.5112916231155396,13.77574634552002,0.3876880407333374,False
56,3,overnight_b056_j3,9603,22.05264663696289,97.16419219970703,0.3372662365436554,False
56,4,overnight_b056_j4,9604,71.2174072265625,991.1229858398438,0.3732244074344635,False
57,1,overnight_b057_j1,9701,2.9982900619506836,309.7282409667969,0.4131869971752167,False
57,2,overnight_b057_j2,9702,0.8774536848068237,60.988773345947266,0.4531005620956421,False
57,3,overnight_b057_j3,9703,19.280948638916016,43.53720474243164,0.3253968060016632,False
57,4,overnight_b057_j4,9704,31.193418502807617,62.72151184082031,0.47001034021377563,False
58,1,overnight_b058_j1,9801,3.641899585723877,36.72512435913086,0.39098986983299255,False
58,2,overnight_b058_j2,9802,11.978574752807617,81.7021484375,0.47353100776672363,False
58,3,overnight_b058_j3,9803,56.967559814453125,63.30386734008789,0.3547329306602478,False
58,4,overnight_b058_j4,9804,22.89653205871582,32.966922760009766,0.44209256768226624,False
59,1,overnight_b059_j1,9901,0.7149167656898499,0.7149167656898499,0.5656045079231262,False
59,2,overnight_b059_j2,9902,0.8284997940063477,2.892435073852539,0.3815229833126068,False
59,3,overnight_b059_j3,9903,5.347112655639648,7.824549674987793,0.399199903011322,False
59,4,overnight_b059_j4,9904,21.937780380249023,58.10880661010742,0.3192063570022583,False
60,1,overnight_b060_j1,10001,7.226654529571533,7.839865207672119,0.41569095849990845,False
60,2,overnight_b060_j2,10002,1.1077823638916016,10.655048370361328,0.4297627806663513,False
60,3,overnight_b060_j3,10003,1.482757329940796,178.09739685058594,0.3657604157924652,False
60,4,overnight_b060_j4,10004,24.16925811767578,47.66323471069336,0.3348920941352844,False
61,1,overnight_b061_j1,10101,16.658161163330078,24.46433448791504,0.40525031089782715,False
61,2,overnight_b061_j2,10102,15.371564865112305,21.584827423095703,0.36104339361190796,False
61,3,overnight_b061_j3,10103,9.05714225769043,201.03854370117188,0.3331909775733948,False
61,4,overnight_b061_j4,10104,4.364983081817627,163.96017456054688,0.342410683631897,False
62,1,overnight_b062_j1,10201,2.8906633853912354,14.864150047302246,0.36676299571990967,False
62,2,overnight_b062_j2,10202,0.8277560472488403,3.2847490310668945,0.410115122795105,False
62,3,overnight_b062_j3,10203,44.35293197631836,114.73655700683594,0.38505271077156067,False
62,4,overnight_b062_j4,10204,9.176046371459961,29.2684268951416,0.3514247536659241,False
63,1,overnight_b063_j1,10301,29.24822998046875,215.9874267578125,0.4469952881336212,False
63,2,overnight_b063_j2,10302,5.286524295806885,8.426924705505371,0.3940517008304596,False
63,3,overnight_b063_j3,10303,1.4253934621810913,11.336512565612793,0.3593307137489319,False
63,4,overnight_b063_j4,10304,5.868823528289795,330.9342956542969,0.3231549859046936,False
64,1,overnight_b064_j1,10401,47.975730895996094,33.867042541503906,0.37004292011260986,False
64,2,overnight_b064_j2,10402,36.444129943847656,60.45643615722656,0.5211513638496399,False
64,3,overnight_b064_j3,10403,2.694629669189453,57.15543746948242,0.3346039950847626,False
64,4,overnight_b064_j4,10404,28.529098510742188,307.9876403808594,0.29242315888404846,False
65,1,overnight_b065_j1,10501,13.742843627929688,13.742843627929688,0.5310682058334351,False
65,2,overnight_b065_j2,10502,19.14821434020996,22.979520797729492,0.4555684030056,False
65,3,overnight_b065_j3,10503,41.93193817138672,425.3222351074219,0.3451322317123413,False
65,4,overnight_b065_j4,10504,3.109170913696289,72.56643676757812,0.4183129668235779,False
66,1,overnight_b066_j1,10601,4.127362251281738,65.78703308105469,0.35081472992897034,False
66,2,overnight_b066_j2,10602,1.351311206817627,13.340461730957031,0.4607827961444855,False
66,3,overnight_b066_j3,10603,6.241356372833252,45.897361755371094,0.45999354124069214,False
66,4,overnight_b066_j4,10604,11.036796569824219,117.66553497314453,0.38154667615890503,False
67,1,overnight_b067_j1,10701,12.190476417541504,60.928375244140625,0.37030139565467834,False
67,2,overnight_b067_j2,10702,12.309432029724121,24.634183883666992,0.5037465691566467,False
67,3,overnight_b067_j3,10703,45.30329132080078,31.159292221069336,0.41381317377090454,False
67,4,overnight_b067_j4,10704,22.077205657958984,4.6436848640441895,0.33615612983703613,False
68,1,overnight_b068_j1,10801,39.2359619140625,228.97714233398438,0.5354208946228027,False
68,2,overnight_b068_j2,10802,2.414076805114746,16.048294067382812,0.5192856788635254,False
68,3,overnight_b068_j3,10803,4.0184783935546875,12.755514144897461,0.3944776952266693,False
68,4,overnight_b068_j4,10804,39.57688903808594,616.5617065429688,0.3873041272163391,False
69,1,overnight_b069_j1,10901,13.065013885498047,45.292537689208984,0.4472917914390564,False
69,2,overnight_b069_j2,10902,16.02678108215332,429.8680419921875,0.43132883310317993,False
69,3,overnight_b069_j3,10903,24.107648849487305,24.107648849487305,0.36419036984443665,False
69,4,overnight_b069_j4,10904,109.59362030029297,139.1476287841797,0.4045100510120392,False
70,1,overnight_b070_j1,11001,4.521768093109131,31.402124404907227,0.3911231458187103,False
70,2,overnight_b070_j2,11002,15.631011962890625,16.012170791625977,0.411014586687088,False
70,3,overnight_b070_j3,11003,14.991796493530273,11.433032035827637,0.34169623255729675,False
70,4,overnight_b070_j4,11004,36.40769577026367,23.196990966796875,0.4425736665725708,False
71,1,overnight_b071_j1,11101,11.32040023803711,32.071781158447266,0.5261968374252319,False
71,2,overnight_b071_j2,11102,2.272343397140503,143.58949279785156,0.4092020094394684,False
71,3,overnight_b071_j3,11103,13.35068130493164,24.85654640197754,0.285897433757782,False
71,4,overnight_b071_j4,11104,51.08114242553711,13.909468650817871,0.3623744547367096,False
72,1,overnight_b072_j1,11201,2.9830727577209473,25.314176559448242,0.34297242760658264,False
72,2,overnight_b072_j2,11202,2.0820207595825195,139.96119689941406,0.47614461183547974,False
72,3,overnight_b072_j3,11203,14.965699195861816,124.01639556884766,0.39483436942100525,False
72,4,overnight_b072_j4,11204,13.782875061035156,4.245290279388428,0.3751247525215149,False
73,1,overnight_b073_j1,11301,18.508729934692383,18.508729934692383,0.5655770301818848,False
73,2,overnight_b073_j2,11302,0.8771823048591614,71.00113677978516,0.3401547074317932,False
73,3,overnight_b073_j3,11303,1.126350998878479,82.28518676757812,0.40109390020370483,False
73,4,overnight_b073_j4,11304,10.478548049926758,37.29627227783203,0.33016306161880493,False
74,1,overnight_b074_j1,11401,1.1170130968093872,247.91323852539062,1.1609519720077515,False
74,2,overnight_b074_j2,11402,2.105010986328125,4.776523113250732,0.3518212139606476,False
74,3,overnight_b074_j3,11403,4.1543707847595215,29.3570556640625,0.40229135751724243,False
74,4,overnight_b074_j4,11404,43.032833099365234,104.52333068847656,0.2980472147464752,False
75,1,overnight_b075_j1,11501,21.27903938293457,17.121000289916992,0.3718545436859131,False
75,2,overnight_b075_j2,11502,7.249542236328125,48.89236831665039,0.3876972198486328,False
75,3,overnight_b075_j3,11503,16.276844024658203,4.261634349822998,0.3494057059288025,False
75,4,overnight_b075_j4,11504,0.9182952642440796,5.748150825500488,0.3367224931716919,False
76,1,overnight_b076_j1,11601,3.298682689666748,51.466773986816406,0.33954817056655884,False
76,2,overnight_b076_j2,11602,8.258038520812988,44.63948440551758,0.3871232569217682,False
76,3,overnight_b076_j3,11603,1.0499966144561768,16.272531509399414,0.34150874614715576,False
76,4,overnight_b076_j4,11604,13.426265716552734,152.5655517578125,0.36128148436546326,False
77,1,overnight_b077_j1,11701,34.02582550048828,108.47008514404297,0.46695369482040405,False
77,2,overnight_b077_j2,11702,11.704611778259277,11.704611778259277,0.3878668248653412,False
77,3,overnight_b077_j3,11703,11.471909523010254,26.561195373535156,0.4104442298412323,False
77,4,overnight_b077_j4,11704,9.702079772949219,88.47587585449219,0.4201485812664032,False
78,1,overnight_b078_j1,11801,7.844884872436523,78.46514129638672,0.4273451566696167,False
78,2,overnight_b078_j2,11802,1.0849322080612183,24.43345832824707,0.35713112354278564,False
78,3,overnight_b078_j3,11803,15.73324966430664,298.2593688964844,0.4437808096408844,False
78,4,overnight_b078_j4,11804,38.63256072998047,76.24190521240234,0.3597235083580017,False
79,1,overnight_b079_j1,11901,5.4037699699401855,54.39834976196289,0.40530964732170105,False
79,2,overnight_b079_j2,11902,5.204330921173096,15.37906551361084,0.38629060983657837,False
79,3,overnight_b079_j3,11903,36.92979431152344,36.90480422973633,0.37642011046409607,False
79,4,overnight_b079_j4,11904,37.693748474121094,52.264469146728516,0.34598442912101746,False
80,1,overnight_b080_j1,12001,17.05364227294922,93.63507080078125,0.4105144441127777,False
80,2,overnight_b080_j2,12002,6.62297248840332,9.856709480285645,0.41324594616889954,False
80,3,overnight_b080_j3,12003,52.84560012817383,333.80023193359375,0.32020050287246704,False
80,4,overnight_b080_j4,12004,1.6206978559494019,116.02745056152344,0.3024168014526367,False
81,1,overnight_b081_j1,12101,1.1034364700317383,29.34521484375,0.4347388446331024,False
81,2,overnight_b081_j2,12102,15.568492889404297,42.39320373535156,0.48924052715301514,False
81,3,overnight_b081_j3,12103,15.825249671936035,37.84765625,0.40404465794563293,False
81,4,overnight_b081_j4,12104,10.758383750915527,0.8097274899482727,0.3424365222454071,False
82,1,overnight_b082_j1,12201,1.4587366580963135,12.910391807556152,0.3568683862686157,False
82,2,overnight_b082_j2,12202,1.9992718696594238,1.2003029584884644,0.44843295216560364,False
82,3,overnight_b082_j3,12203,1.2540242671966553,1.6297478675842285,0.38476020097732544,False
82,4,overnight_b082_j4,12204,14.848628044128418,71.09896087646484,0.3498128056526184,False
83,1,overnight_b083_j1,12301,5.3003668785095215,15.013840675354004,0.3544807434082031,False
83,2,overnight_b083_j2,12302,33.576812744140625,44.064308166503906,0.3714500665664673,False
83,3,overnight_b083_j3,12303,40.640106201171875,57.711524963378906,0.40418535470962524,False
83,4,overnight_b083_j4,12304,34.52859115600586,209.43484497070312,0.3668944835662842,False
84,1,overnight_b084_j1,12401,16.316753387451172,254.2108917236328,0.3826409578323364,False
84,2,overnight_b084_j2,12402,7.025585174560547,16.540739059448242,0.6505491733551025,False
84,3,overnight_b084_j3,12403,5.81755256652832,55.68669891357422,0.3123090863227844,False
84,4,overnight_b084_j4,12404,20.172731399536133,76.36557006835938,0.3423854410648346,False
85,1,overnight_b085_j1,12501,7.895870208740234,64.32671356201172,0.35622620582580566,False
85,2,overnight_b085_j2,12502,51.75042724609375,51.75042724609375,0.3964554965496063,False
85,3,overnight_b085_j3,12503,9.87834644317627,38.9528694152832,0.3048169016838074,False
85,4,overnight_b085_j4,12504,0.8311703205108643,57.686317443847656,0.36494800448417664,False
86,1,overnight_b086_j1,12601,0.7041204571723938,0.9591089487075806,0.38855209946632385,False
86,2,overnight_b086_j2,12602,15.00234603881836,32.31169128417969,0.3990022838115692,False
86,3,overnight_b086_j3,12603,3.1693148612976074,31.605724334716797,0.34935805201530457,False
86,4,overnight_b086_j4,12604,1.6882284879684448,16.652061462402344,0.32817432284355164,False
87,1,overnight_b087_j1,12701,0.7317400574684143,6.077525615692139,0.38713645935058594,False
87,2,overnight_b087_j2,12702,1.3043330907821655,70.7474365234375,0.45836082100868225,False
87,3,overnight_b087_j3,12703,41.87705612182617,79.3606948852539,0.3315916657447815,False
87,4,overnight_b087_j4,12704,1.9476872682571411,8.648571014404297,0.33251795172691345,False
88,1,overnight_b088_j1,12801,12.123150825500488,27.021156311035156,0.4411674737930298,False
88,2,overnight_b088_j2,12802,9.922182083129883,26.13741111755371,0.4471246600151062,False
88,3,overnight_b088_j3,12803,2.178621530532837,24.147573471069336,0.33420464396476746,False
88,4,overnight_b088_j4,12804,17.556625366210938,38.05461502075195,0.31954091787338257,False
89,1,overnight_b089_j1,12901,3.43872332572937,7.628571510314941,0.35540610551834106,False
89,2,overnight_b089_j2,12902,7.095248222351074,17.796524047851562,0.38234612345695496,False
89,3,overnight_b089_j3,12903,22.13160514831543,3.2832319736480713,0.3296508193016052,False
89,4,overnight_b089_j4,12904,6.0135931968688965,16.223983764648438,0.36166706681251526,False
90,1,overnight_b090_j1,13001,1.1083170175552368,20.63697624206543,0.39605334401130676,False
90,2,overnight_b090_j2,13002,32.41697311401367,67.42144012451172,0.49040359258651733,False
90,3,overnight_b090_j3,13003,39.9873161315918,122.633056640625,0.37976449728012085,False
90,4,overnight_b090_j4,13004,11.758323669433594,95.22427368164062,0.3560219705104828,False
91,1,overnight_b091_j1,13101,5.0394487380981445,60.80861282348633,0.4007605016231537,False
91,2,overnight_b091_j2,13102,8.258008003234863,15.887146949768066,0.4576641619205475,False
91,3,overnight_b091_j3,13103,24.41684341430664,46.06258010864258,0.36174944043159485,False
91,4,overnight_b091_j4,13104,4.888678550720215,196.17935180664062,0.3072381615638733,False
92,1,overnight_b092_j1,13201,6.614379405975342,77.21900939941406,0.32836464047431946,False
92,2,overnight_b092_j2,13202,1.8377948999404907,1.8377948999404907,0.4323190450668335,False
92,3,overnight_b092_j3,13203,90.20405578613281,452.38214111328125,0.3551565110683441,False
92,4,overnight_b092_j4,13204,20.220964431762695,970.093994140625,0.39053037762641907,False
93,1,overnight_b093_j1,13301,0.7379282116889954,10.250879287719727,0.3443912863731384,False
93,2,overnight_b093_j2,13302,8.038069725036621,37.66995620727539,0.3852996826171875,False
93,3,overnight_b093_j3,13303,3.6817538738250732,32.428550720214844,0.40595394372940063,False
93,4,overnight_b093_j4,13304,3.1724815368652344,11.932588577270508,0.40938541293144226,False
94,1,overnight_b094_j1,13401,1.1019762754440308,124.14313507080078,0.38783106207847595,False
94,2,overnight_b094_j2,13402,41.76846694946289,146.19317626953125,0.4253420829772949,False
94,3,overnight_b094_j3,13403,58.14387512207031,105.78597259521484,0.38614270091056824,False
94,4,overnight_b094_j4,13404,69.89448547363281,21.67344856262207,0.37216174602508545,False
95,1,overnight_b095_j1,13501,5.0839738845825195,8.942373275756836,0.3758346438407898,False
95,2,overnight_b095_j2,13502,1.302545428276062,26.037267684936523,0.3677509129047394,False
95,3,overnight_b095_j3,13503,10.138785362243652,39.8465690612793,0.39322230219841003,False
95,4,overnight_b095_j4,13504,23.994731903076172,38.84980773925781,0.2908170223236084,False
96,1,overnight_b096_j1,13601,2.3527917861938477,3.446444511413574,0.4646170735359192,False
96,2,overnight_b096_j2,13602,22.706134796142578,4.235335350036621,0.38490790128707886,False
96,3,overnight_b096_j3,13603,20.632795333862305,70.20407104492188,0.3585611581802368,False
96,4,overnight_b096_j4,13604,11.332220077514648,56.859397888183594,0.35514166951179504,False
97,1,overnight_b097_j1,13701,1.5932376384735107,3.5958304405212402,0.3589649200439453,False
97,2,overnight_b097_j2,13702,36.36742401123047,66.23429870605469,0.3785322308540344,False
97,3,overnight_b097_j3,13703,2.0714378356933594,48.68669128417969,0.4429459869861603,False
97,4,overnight_b097_j4,13704,81.93042755126953,98.35613250732422,0.37330979108810425,False
98,1,overnight_b098_j1,13801,14.991625785827637,17.486862182617188,0.4160028100013733,False
98,2,overnight_b098_j2,13802,18.772933959960938,21.85053253173828,0.4854991137981415,False
98,3,overnight_b098_j3,13803,91.33089447021484,149.84837341308594,0.3401567339897156,False
98,4,overnight_b098_j4,13804,9.009744644165039,46.41715621948242,0.3889947831630707,False
99,1,overnight_b099_j1,13901,10.394598007202148,17.037565231323242,0.4352706968784332,False
99,2,overnight_b099_j2,13902,4.181180000305176,50.95974349975586,0.36903059482574463,False
99,3,overnight_b099_j3,13903,14.467154502868652,14.467154502868652,0.34973809123039246,False
99,4,overnight_b099_j4,13904,23.6345157623291,5.16303014755249,0.46879154443740845,False
100,1,overnight_b100_j1,14001,1.3691226243972778,2.9883675575256348,0.47570326924324036,False
100,2,overnight_b100_j2,14002,4.752565860748291,4.752565860748291,0.3918648064136505,False
100,3,overnight_b100_j3,14003,6.129613876342773,1.8765074014663696,0.41442734003067017,False
100,4,overnight_b100_j4,14004,8.936832427978516,157.59034729003906,0.33373957872390747,False
101,1,overnight_b101_j1,14101,0.8565394282341003,3.842076539993286,0.42621904611587524,False
101,2,overnight_b101_j2,14102,38.084537506103516,41.413352966308594,0.3717789649963379,False
101,3,overnight_b101_j3,14103,8.23815631866455,79.12236022949219,0.3722131848335266,False
101,4,overnight_b101_j4,14104,16.966781616210938,163.01939392089844,0.5229544639587402,False
102,1,overnight_b102_j1,14201,17.094635009765625,39.22791290283203,0.3654191195964813,False
102,2,overnight_b102_j2,14202,2.8249924182891846,5.302250862121582,0.40272632241249084,False
102,3,overnight_b102_j3,14203,43.40306091308594,146.45877075195312,0.35240381956100464,False
102,4,overnight_b102_j4,14204,4.487794399261475,84.03360748291016,0.32455405592918396,False
103,1,overnight_b103_j1,14301,1.369105339050293,3.8061599731445312,0.4883384704589844,False
103,2,overnight_b103_j2,14302,11.062764167785645,32.436031341552734,0.3595498502254486,False
103,3,overnight_b103_j3,14303,13.356281280517578,19.738265991210938,0.390696257352829,False
103,4,overnight_b103_j4,14304,24.68755340576172,120.38687133789062,0.3329226076602936,False
104,1,overnight_b104_j1,14401,5.865829944610596,38.79132843017578,0.4589718282222748,False
104,2,overnight_b104_j2,14402,0.8911763429641724,812.9736328125,0.3364303708076477,False
104,3,overnight_b104_j3,14403,5.999584197998047,221.33314514160156,0.32803431153297424,False
104,4,overnight_b104_j4,14404,0.8872289061546326,2.3653433322906494,0.3360077142715454,False
105,1,overnight_b105_j1,14501,5.063277721405029,5.298725605010986,0.4465087354183197,False
105,2,overnight_b105_j2,14502,8.886783599853516,17.58555030822754,0.370759516954422,False
105,3,overnight_b105_j3,14503,20.573068618774414,53.22197341918945,0.3000074625015259,False
105,4,overnight_b105_j4,14504,0.9234368801116943,0.9234368801116943,0.34588220715522766,False
106,1,overnight_b106_j1,14601,2.978264808654785,90.1701889038086,0.5031182765960693,False
106,2,overnight_b106_j2,14602,8.157331466674805,35.216548919677734,0.49399128556251526,False
106,3,overnight_b106_j3,14603,21.045225143432617,1.1738611459732056,0.4018198549747467,False
106,4,overnight_b106_j4,14604,1.604534387588501,97.4443130493164,0.40407615900039673,False
107,1,overnight_b107_j1,14701,42.692752838134766,381.27392578125,0.36593225598335266,False
107,2,overnight_b107_j2,14702,15.205768585205078,21.006919860839844,0.42790311574935913,False
107,3,overnight_b107_j3,14703,6.25712776184082,283.8280944824219,0.329899400472641,False
107,4,overnight_b107_j4,14704,8.107643127441406,10.5401611328125,0.37645331025123596,False
108,1,overnight_b108_j1,14801,20.112470626831055,26.23634910583496,0.3404933512210846,False
108,2,overnight_b108_j2,14802,2.097656488418579,5.109874248504639,0.4372918903827667,False
108,3,overnight_b108_j3,14803,2.294210433959961,12.26031494140625,0.33921289443969727,False
108,4,overnight_b108_j4,14804,16.80126953125,220.68907165527344,0.3212638795375824,False
109,1,overnight_b109_j1,14901,20.472614288330078,77.07190704345703,0.3681306540966034,False
109,2,overnight_b109_j2,14902,6.602632522583008,20.189298629760742,0.5527917742729187,False
109,3,overnight_b109_j3,14903,20.33473014831543,1.2914252281188965,0.40217235684394836,False
109,4,overnight_b109_j4,14904,55.21053695678711,79.32642364501953,0.347494512796402,False
110,1,overnight_b110_j1,15001,1.324180245399475,14.529128074645996,0.5238029360771179,False
110,2,overnight_b110_j2,15002,3.6151843070983887,22.278352737426758,0.4358661472797394,False
110,3,overnight_b110_j3,15003,4.869545936584473,22.762187957763672,0.3077206015586853,False
110,4,overnight_b110_j4,15004,46.366981506347656,44.7120475769043,0.35720688104629517,False
111,1,overnight_b111_j1,15101,5.410053730010986,120.74983215332031,0.4294627904891968,False
111,2,overnight_b111_j2,15102,16.760231018066406,95.89186096191406,0.48333436250686646,False
111,3,overnight_b111_j3,15103,15.446610450744629,25.578317642211914,0.5305482149124146,False
111,4,overnight_b111_j4,15104,51.777462005615234,264.1568298339844,0.3676609694957733,False
112,1,overnight_b112_j1,15201,4.188859939575195,8.13174819946289,0.3931243121623993,False
112,2,overnight_b112_j2,15202,23.626558303833008,32.538108825683594,0.38476860523223877,False
112,3,overnight_b112_j3,15203,47.838871002197266,23.390214920043945,0.32615524530410767,False
112,4,overnight_b112_j4,15204,21.349666595458984,191.67208862304688,0.3144797384738922,False
113,1,overnight_b113_j1,15301,19.57265853881836,135.35906982421875,0.4040048122406006,False
113,2,overnight_b113_j2,15302,5.621870994567871,8.039939880371094,0.4803209900856018,False
113,3,overnight_b113_j3,15303,34.574737548828125,438.1651916503906,0.3967870771884918,False
113,4,overnight_b113_j4,15304,44.50092697143555,166.05157470703125,0.3386939465999603,False
114,1,overnight_b114_j1,15401,1.2710076570510864,5.72571325302124,0.5733762383460999,False
114,2,overnight_b114_j2,15402,13.032721519470215,25.619592666625977,0.47750747203826904,False
114,3,overnight_b114_j3,15403,22.997817993164062,131.8056182861328,0.40153416991233826,False
114,4,overnight_b114_j4,15404,16.74173927307129,208.4042205810547,0.3103295862674713,False
115,1,overnight_b115_j1,15501,4.2897443771362305,35.819236755371094,0.4104035496711731,False
115,2,overnight_b115_j2,15502,1.0526371002197266,4.125878810882568,0.3958207666873932,False
115,3,overnight_b115_j3,15503,61.0631103515625,181.7344207763672,0.3618868589401245,False
115,4,overnight_b115_j4,15504,8.275215148925781,163.32095336914062,0.31295791268348694,False
116,1,overnight_b116_j1,15601,26.669214248657227,32.11421585083008,0.5245413780212402,False
116,2,overnight_b116_j2,15602,13.088841438293457,20.325464248657227,0.3774668276309967,False
116,3,overnight_b116_j3,15603,17.513622283935547,148.0449981689453,0.3211606740951538,False
116,4,overnight_b116_j4,15604,38.143428802490234,45.5583381652832,0.35677221417427063,False
117,1,overnight_b117_j1,15701,30.326011657714844,40.13276290893555,0.35987478494644165,False
117,2,overnight_b117_j2,15702,10.102941513061523,57.167198181152344,0.4851242005825043,False
117,3,overnight_b117_j3,15703,18.190990447998047,9.692119598388672,0.5586599707603455,False
117,4,overnight_b117_j4,15704,29.437427520751953,109.32482147216797,0.32114702463150024,False
118,1,overnight_b118_j1,15801,8.599396705627441,42.654296875,0.3475613296031952,False
118,2,overnight_b118_j2,15802,15.919824600219727,25.972471237182617,0.3622802495956421,False
118,3,overnight_b118_j3,15803,30.620332717895508,227.93321228027344,0.34283381700515747,False
118,4,overnight_b118_j4,15804,9.239686965942383,1.7291829586029053,0.3696395456790924,False
119,1,overnight_b119_j1,15901,1.128810167312622,19.791683197021484,0.3507089614868164,False
119,2,overnight_b119_j2,15902,22.359577178955078,58.1281623840332,0.5000084638595581,False
119,3,overnight_b119_j3,15903,4.636529445648193,23.125675201416016,0.3821841776371002,False
119,4,overnight_b119_j4,15904,10.619353294372559,74.1843490600586,0.30375516414642334,False
120,1,overnight_b120_j1,16001,1.5903812646865845,2.0416650772094727,0.38900941610336304,False
120,2,overnight_b120_j2,16002,3.268716335296631,30.31488037109375,0.40083977580070496,False
120,3,overnight_b120_j3,16003,5.080904483795166,27.91834259033203,0.31726938486099243,False
120,4,overnight_b120_j4,16004,10.367871284484863,88.41087341308594,0.33135125041007996,False
121,1,overnight_b121_j1,16101,0.8109241127967834,53.500648498535156,0.44435468316078186,False
121,2,overnight_b121_j2,16102,0.6868191361427307,0.6868191361427307,0.41890251636505127,False
121,3,overnight_b121_j3,16103,55.46888732910156,148.2876434326172,0.36267128586769104,False
121,4,overnight_b121_j4,16104,68.39664459228516,235.183349609375,0.30452948808670044,False
122,1,overnight_b122_j1,16201,7.980502128601074,41.04438781738281,0.3767194449901581,False
122,2,overnight_b122_j2,16202,5.811049938201904,31.89384651184082,0.3776394724845886,False
122,3,overnight_b122_j3,16203,4.805141448974609,39.0869255065918,0.35094547271728516,False
122,4,overnight_b122_j4,16204,23.079544067382812,25.97289276123047,0.3856164216995239,False
123,1,overnight_b123_j1,16301,2.299992799758911,2.210123062133789,0.38025301694869995,False
123,2,overnight_b123_j2,16302,8.721559524536133,19.281463623046875,0.3475213646888733,False
123,3,overnight_b123_j3,16303,3.601349115371704,36.132843017578125,0.37293171882629395,False
123,4,overnight_b123_j4,16304,3.7737650871276855,34.41272735595703,0.31593188643455505,False
124,1,overnight_b124_j1,16401,6.709609031677246,6.709609031677246,0.47914108633995056,False
124,2,overnight_b124_j2,16402,30.197467803955078,9.41447925567627,0.386750191450119,False
124,3,overnight_b124_j3,16403,41.08545684814453,15.568458557128906,0.4134956896305084,False
124,4,overnight_b124_j4,16404,8.552700996398926,34.93722152709961,0.3627302050590515,False
125,1,overnight_b125_j1,16501,25.350780487060547,169.61996459960938,0.36262795329093933,False
125,2,overnight_b125_j2,16502,65.88634490966797,81.63575744628906,0.5360904335975647,False
125,3,overnight_b125_j3,16503,12.940644264221191,53.48757553100586,0.3527753949165344,False
125,4,overnight_b125_j4,16504,4.1085357666015625,46.4863166809082,0.32176974415779114,False
126,1,overnight_b126_j1,16601,2.906926155090332,3.2804858684539795,0.642009973526001,False
126,2,overnight_b126_j2,16602,1.6401290893554688,24.582740783691406,0.4185784161090851,False
126,3,overnight_b126_j3,16603,11.359126091003418,23.613327026367188,0.34660613536834717,False
126,4,overnight_b126_j4,16604,15.661616325378418,54.31033706665039,0.3248184621334076,False
127,1,overnight_b127_j1,16701,13.963828086853027,28.05938148498535,0.38850119709968567,False
127,2,overnight_b127_j2,16702,10.551311492919922,22.580827713012695,0.4125906229019165,False
127,3,overnight_b127_j3,16703,14.944028854370117,6.355952262878418,0.4023197293281555,False
127,4,overnight_b127_j4,16704,7.0243449211120605,53.69439697265625,0.3322681188583374,False
128,1,overnight_b128_j1,16801,111.23461151123047,186.28456115722656,0.3689681887626648,False
128,2,overnight_b128_j2,16802,8.252779960632324,28.984943389892578,0.3838973045349121,False
128,3,overnight_b128_j3,16803,10.413168907165527,27.673908233642578,0.4331941306591034,False
128,4,overnight_b128_j4,16804,27.290498733520508,45.97905349731445,0.38824114203453064,False
129,1,overnight_b129_j1,16901,2.2343695163726807,101.41938781738281,0.4043247103691101,False
129,2,overnight_b129_j2,16902,3.7674522399902344,3.7674522399902344,0.39039263129234314,False
129,3,overnight_b129_j3,16903,18.00361442565918,162.32423400878906,0.3940391540527344,False
129,4,overnight_b129_j4,16904,10.533076286315918,24.511384963989258,0.37176772952079773,False
130,1,overnight_b130_j1,17001,4.377372741699219,8.329414367675781,0.5472598075866699,False
130,2,overnight_b130_j2,17002,9.344365119934082,68.72309112548828,0.4144323170185089,False
130,3,overnight_b130_j3,17003,7.908724784851074,51.264122009277344,0.4140462279319763,False
130,4,overnight_b130_j4,17004,0.9127376675605774,2.2909326553344727,0.3284677565097809,False
131,1,overnight_b131_j1,17101,4.9360175132751465,62.44536209106445,0.4181804656982422,False
131,2,overnight_b131_j2,17102,7.687695026397705,1101.428955078125,0.44903093576431274,False
131,3,overnight_b131_j3,17103,11.958023071289062,20.34505271911621,0.4126235246658325,False
131,4,overnight_b131_j4,17104,1.753091812133789,121.01210021972656,0.35309135913848877,False
132,1,overnight_b132_j1,17201,0.8132396340370178,44.369720458984375,0.382377028465271,False
132,2,overnight_b132_j2,17202,2.466414451599121,3.097748279571533,0.35432836413383484,False
132,3,overnight_b132_j3,17203,1.1595114469528198,4.480554580688477,0.36935746669769287,False
132,4,overnight_b132_j4,17204,22.233278274536133,39.67021942138672,0.3370932936668396,False
133,1,overnight_b133_j1,17301,5.428615570068359,5.428615570068359,0.5170180797576904,False
133,2,overnight_b133_j2,17302,0.8113707900047302,3.897512435913086,0.4733862280845642,False
133,3,overnight_b133_j3,17303,5.595338821411133,30.917936325073242,0.30668574571609497,False
133,4,overnight_b133_j4,17304,23.179033279418945,142.25389099121094,0.31582480669021606,False
134,1,overnight_b134_j1,17401,42.107486724853516,70.84093475341797,0.49293050169944763,False
134,2,overnight_b134_j2,17402,10.029643058776855,144.02622985839844,0.36944931745529175,False
134,3,overnight_b134_j3,17403,85.67842102050781,293.59869384765625,0.43508079648017883,False
134,4,overnight_b134_j4,17404,7.310007572174072,103.22938537597656,0.3040442168712616,False
135,1,overnight_b135_j1,17501,0.7243595719337463,13.361739158630371,0.5145909786224365,False
135,2,overnight_b135_j2,17502,2.0155186653137207,5.396158695220947,0.43930584192276,False
135,3,overnight_b135_j3,17503,46.94466781616211,47.072330474853516,0.3466818630695343,False
135,4,overnight_b135_j4,17504,24.186878204345703,54.587162017822266,0.3441580533981323,False
136,1,overnight_b136_j1,17601,21.119571685791016,11.613868713378906,0.4777524173259735,False
136,2,overnight_b136_j2,17602,1.889112114906311,7.148309230804443,0.3811819851398468,False
136,3,overnight_b136_j3,17603,23.415630340576172,27.99199676513672,0.48638710379600525,False
136,4,overnight_b136_j4,17604,32.0368537902832,80.48461151123047,0.3428085446357727,False
137,1,overnight_b137_j1,17701,8.529169082641602,18.062265396118164,0.363526314496994,False
137,2,overnight_b137_j2,17702,1.5702277421951294,3.138751983642578,0.3989875912666321,False
137,3,overnight_b137_j3,17703,2.9421308040618896,95.96388244628906,0.3711463212966919,False
137,4,overnight_b137_j4,17704,42.46168518066406,103.73735046386719,0.3376838266849518,False
138,1,overnight_b138_j1,17801,1.119975209236145,6.116628170013428,0.37037649750709534,False
138,2,overnight_b138_j2,17802,3.937307357788086,62.96216583251953,0.3842705190181732,False
138,3,overnight_b138_j3,17803,1.6986786127090454,6.742282867431641,0.3347868025302887,False
138,4,overnight_b138_j4,17804,4.012399673461914,2.5507864952087402,0.395312637090683,False
139,1,overnight_b139_j1,17901,10.107726097106934,59.50357437133789,0.48365917801856995,False
139,2,overnight_b139_j2,17902,31.981477737426758,57.222991943359375,0.3819124400615692,False
139,3,overnight_b139_j3,17903,0.9193103313446045,0.8874142169952393,0.4129059910774231,False
139,4,overnight_b139_j4,17904,35.547088623046875,124.68327331542969,0.314892441034317,False
140,1,overnight_b140_j1,18001,23.072786331176758,121.06941986083984,0.41049179434776306,False
140,2,overnight_b140_j2,18002,1.041637897491455,6.927350044250488,0.4536578059196472,False
140,3,overnight_b140_j3,18003,15.919012069702148,16.654739379882812,0.3058936297893524,False
140,4,overnight_b140_j4,18004,2.289522886276245,35.99941635131836,0.3046471178531647,False
141,1,overnight_b141_j1,18101,0.7329894304275513,14.215221405029297,0.43682077527046204,False
141,2,overnight_b141_j2,18102,6.199449062347412,22.252378463745117,0.41063788533210754,False
141,3,overnight_b141_j3,18103,5.6792311668396,17.534029006958008,0.30711060762405396,False
141,4,overnight_b141_j4,18104,34.908653259277344,40.50306701660156,0.3722447454929352,False
142,1,overnight_b142_j1,18201,1.4341952800750732,1.4341952800750732,0.4266863167285919,False
142,2,overnight_b142_j2,18202,5.143697738647461,41.49504089355469,0.42248982191085815,False
142,3,overnight_b142_j3,18203,12.559051513671875,16.522563934326172,0.3281823992729187,False
142,4,overnight_b142_j4,18204,3.1263136863708496,204.55836486816406,0.3333919644355774,False
143,1,overnight_b143_j1,18301,4.493473529815674,93.30323791503906,0.5253294110298157,False
143,2,overnight_b143_j2,18302,7.2891106605529785,41.79256057739258,0.4437553584575653,False
143,3,overnight_b143_j3,18303,88.45758819580078,124.15399932861328,0.34186145663261414,False
143,4,overnight_b143_j4,18304,17.648517608642578,189.0620574951172,0.30832338333129883,False
144,1,overnight_b144_j1,18401,11.29230785369873,11.421428680419922,0.4284438490867615,False
144,2,overnight_b144_j2,18402,10.822529792785645,178.23036193847656,0.4110129773616791,False
144,3,overnight_b144_j3,18403,19.912689208984375,31.898223876953125,0.5089167952537537,False
144,4,overnight_b144_j4,18404,2.058318853378296,1.9200152158737183,0.38156643509864807,False
145,1,overnight_b145_j1,18501,1.7402511835098267,6.341816425323486,0.3945883810520172,False
145,2,overnight_b145_j2,18502,1.4325318336486816,4.055612564086914,0.41065359115600586,False
145,3,overnight_b145_j3,18503,8.264983177185059,12.486470222473145,0.3260413408279419,False
145,4,overnight_b145_j4,18504,5.111268997192383,5.111268997192383,0.33171507716178894,False
146,1,overnight_b146_j1,18601,19.64944076538086,41.62140655517578,0.3952048420906067,False
146,2,overnight_b146_j2,18602,7.784319877624512,51.90422821044922,0.44759246706962585,False
146,3,overnight_b146_j3,18603,21.098981857299805,43.00873947143555,0.3831692337989807,False
146,4,overnight_b146_j4,18604,128.47206115722656,151.37879943847656,0.3393474519252777,False
147,1,overnight_b147_j1,18701,0.9482083916664124,51.60049819946289,0.39913880825042725,False
147,2,overnight_b147_j2,18702,17.43269157409668,17.43269157409668,0.506032407283783,False
147,3,overnight_b147_j3,18703,13.58231258392334,13.84480094909668,0.4569377899169922,False
147,4,overnight_b147_j4,18704,17.52765464782715,65.06849670410156,0.3131147623062134,False
148,1,overnight_b148_j1,18801,2.377500534057617,71.74661254882812,0.37591949105262756,False
148,2,overnight_b148_j2,18802,8.344474792480469,6.452269077301025,0.41218748688697815,False
148,3,overnight_b148_j3,18803,44.9254035949707,66.4411849975586,0.3396871089935303,False
148,4,overnight_b148_j4,18804,10.890986442565918,125.88336944580078,0.35691672563552856,False
149,1,overnight_b149_j1,18901,1.0492981672286987,6.688492774963379,0.45808088779449463,False
149,2,overnight_b149_j2,18902,7.0083699226379395,72.94075775146484,0.39023932814598083,False
149,3,overnight_b149_j3,18903,45.909942626953125,204.29055786132812,0.3721957802772522,False
149,4,overnight_b149_j4,18904,11.467156410217285,24.46504783630371,0.29129838943481445,False
150,1,overnight_b150_j1,19001,3.044917583465576,3.044917583465576,0.35718899965286255,False
150,2,overnight_b150_j2,19002,1.3202311992645264,97.79314422607422,0.4710402190685272,False
150,3,overnight_b150_j3,19003,5.926280975341797,56.31584167480469,0.35501807928085327,False
150,4,overnight_b150_j4,19004,5.637674808502197,34.55781173706055,0.3437116742134094,False
151,1,overnight_b151_j1,19101,0.6155110001564026,76.0876693725586,0.3973669111728668,False
151,2,overnight_b151_j2,19102,1.706226110458374,1.706226110458374,0.47786667943000793,False
151,3,overnight_b151_j3,19103,36.07831954956055,55.15357208251953,0.47943398356437683,False
151,4,overnight_b151_j4,19104,2.5466649532318115,204.87567138671875,0.33456066250801086,False
152,1,overnight_b152_j1,19201,30.569496154785156,30.569496154785156,0.37405839562416077,False
152,2,overnight_b152_j2,19202,6.707087993621826,12.893279075622559,0.43720394372940063,False
152,3,overnight_b152_j3,19203,6.430351734161377,8.487674713134766,0.32333987951278687,False
152,4,overnight_b152_j4,19204,32.332000732421875,32.332000732421875,0.36288154125213623,False
153,1,overnight_b153_j1,19301,16.323593139648438,239.6222381591797,0.43860843777656555,False
153,2,overnight_b153_j2,19302,3.0782623291015625,3.0782623291015625,0.40633609890937805,False
153,3,overnight_b153_j3,19303,15.856842041015625,89.29332733154297,0.3454718291759491,False
153,4,overnight_b153_j4,19304,31.06334686279297,34.51359176635742,0.30859053134918213,False
154,1,overnight_b154_j1,19401,38.39906692504883,69.47337341308594,0.46717754006385803,False
154,2,overnight_b154_j2,19402,12.026716232299805,25.34299087524414,0.4086534082889557,False
154,3,overnight_b154_j3,19403,33.31307601928711,69.04878234863281,0.3918604850769043,False
154,4,overnight_b154_j4,19404,48.40174102783203,41.72621536254883,0.34852859377861023,False
155,1,overnight_b155_j1,19501,25.80686378479004,202.3617706298828,1.0470032691955566,False
155,2,overnight_b155_j2,19502,45.00455856323242,117.42054748535156,0.4796411991119385,False
155,3,overnight_b155_j3,19503,31.881492614746094,263.97320556640625,0.3622369170188904,False
155,4,overnight_b155_j4,19504,5.001636028289795,12.075213432312012,0.31174343824386597,False
156,1,overnight_b156_j1,19601,0.8619917631149292,12.055373191833496,0.3517879247665405,False
156,2,overnight_b156_j2,19602,1.7340452671051025,1.2687746286392212,0.364202618598938,False
156,3,overnight_b156_j3,19603,5.5240325927734375,91.60508728027344,0.3481052815914154,False
156,4,overnight_b156_j4,19604,51.455177307128906,222.2731475830078,0.3545384109020233,False
157,1,overnight_b157_j1,19701,0.7387232780456543,11.147265434265137,0.3923817574977875,False
157,2,overnight_b157_j2,19702,14.800793647766113,43.037567138671875,0.3891952335834503,False
157,3,overnight_b157_j3,19703,35.58330154418945,190.36178588867188,0.37846195697784424,False
157,4,overnight_b157_j4,19704,20.714813232421875,70.80455780029297,0.32470420002937317,False
158,1,overnight_b158_j1,19801,0.7321682572364807,89.22663879394531,0.37829768657684326,False
158,2,overnight_b158_j2,19802,7.447582721710205,84.91464233398438,0.3968142867088318,False
158,3,overnight_b158_j3,19803,25.67939567565918,25.596942901611328,0.3291817009449005,False
158,4,overnight_b158_j4,19804,8.679123878479004,10.144333839416504,0.31735557317733765,False
159,1,overnight_b159_j1,19901,2.3443264961242676,10.864691734313965,0.5371337532997131,False
159,2,overnight_b159_j2,19902,2.181382656097412,36.30739212036133,0.3781839907169342,False
159,3,overnight_b159_j3,19903,0.8185117840766907,36.43850326538086,0.3254735767841339,False
159,4,overnight_b159_j4,19904,37.89590072631836,39.53041458129883,0.3957061469554901,False
160,1,overnight_b160_j1,20001,2.988579511642456,2.988579511642456,0.3884945809841156,False
160,2,overnight_b160_j2,20002,2.094937562942505,55.9995002746582,0.324508398771286,False
160,3,overnight_b160_j3,20003,23.81573486328125,130.81277465820312,0.3693961203098297,False
160,4,overnight_b160_j4,20004,92.58077239990234,128.83157348632812,0.37001150846481323,False
161,1,overnight_b161_j1,20101,2.426715850830078,35.41733169555664,0.420734167098999,False
161,2,overnight_b161_j2,20102,6.586382865905762,72.11841583251953,0.4217449724674225,False
161,3,overnight_b161_j3,20103,18.922170639038086,70.60211944580078,0.3298662006855011,False
161,4,overnight_b161_j4,20104,15.410112380981445,12.595466613769531,0.33060333132743835,False
162,1,overnight_b162_j1,20201,4.197996616363525,40.45280838012695,0.39850661158561707,False
162,2,overnight_b162_j2,20202,14.740276336669922,34.11006164550781,0.48761945962905884,False
162,3,overnight_b162_j3,20203,70.00862121582031,107.50302124023438,0.36024612188339233,False
162,4,overnight_b162_j4,20204,20.082992553710938,311.18621826171875,0.33961838483810425,False
163,1,overnight_b163_j1,20301,1.6303638219833374,44.740501403808594,0.42220407724380493,False
163,2,overnight_b163_j2,20302,8.58253002166748,32.899269104003906,0.40172696113586426,False
163,3,overnight_b163_j3,20303,14.637374877929688,14.637374877929688,0.3307156264781952,False
163,4,overnight_b163_j4,20304,2.403585195541382,60.39484786987305,0.3023052215576172,False
164,1,overnight_b164_j1,20401,1.765347957611084,40.270835876464844,0.4284321069717407,False
164,2,overnight_b164_j2,20402,11.203324317932129,123.20587158203125,0.3941998779773712,False
164,3,overnight_b164_j3,20403,2.5854990482330322,108.19092559814453,0.4473338723182678,False
164,4,overnight_b164_j4,20404,18.400243759155273,84.060546875,0.4183485805988312,False
165,1,overnight_b165_j1,20501,1.0982210636138916,5.339229583740234,0.4260350465774536,False
165,2,overnight_b165_j2,20502,12.032638549804688,16.70897674560547,0.41735994815826416,False
165,3,overnight_b165_j3,20503,32.36886978149414,133.48594665527344,0.9236739873886108,False
165,4,overnight_b165_j4,20504,5.7076263427734375,47.50525665283203,0.3984585106372833,False
166,1,overnight_b166_j1,20601,7.458016395568848,29.341886520385742,0.35674160718917847,False
166,2,overnight_b166_j2,20602,0.9376114010810852,52.71451187133789,0.39771413803100586,False
166,3,overnight_b166_j3,20603,5.423336505889893,62.57283401489258,0.3892965018749237,False
166,4,overnight_b166_j4,20604,32.329856872558594,151.97048950195312,0.3540121018886566,False
167,1,overnight_b167_j1,20701,10.557037353515625,175.98837280273438,0.8082433342933655,False
167,2,overnight_b167_j2,20702,9.006871223449707,14.496811866760254,0.38467973470687866,False
167,3,overnight_b167_j3,20703,15.051684379577637,26.714879989624023,0.35217806696891785,False
167,4,overnight_b167_j4,20704,16.776643753051758,16.776643753051758,0.33781224489212036,False
168,1,overnight_b168_j1,20801,7.204502105712891,9.833341598510742,0.40295109152793884,False
168,2,overnight_b168_j2,20802,2.072105884552002,3.5152578353881836,0.4790555536746979,False
168,3,overnight_b168_j3,20803,6.010955333709717,30.41311264038086,0.37169691920280457,False
168,4,overnight_b168_j4,20804,26.346818923950195,21.978776931762695,0.316528856754303,False
169,1,overnight_b169_j1,20901,11.181083679199219,31.32955551147461,0.3863217830657959,False
169,2,overnight_b169_j2,20902,5.065193176269531,12.102187156677246,0.35326722264289856,False
169,3,overnight_b169_j3,20903,2.9827382564544678,31.75605583190918,0.3172585070133209,False
169,4,overnight_b169_j4,20904,55.253475189208984,143.19456481933594,0.3026169240474701,False
170,1,overnight_b170_j1,21001,28.51805305480957,31.026029586791992,0.4028128683567047,False
170,2,overnight_b170_j2,21002,7.283140659332275,7.283140659332275,0.40120163559913635,False
170,3,overnight_b170_j3,21003,14.882360458374023,92.97386169433594,0.35540005564689636,False
170,4,overnight_b170_j4,21004,41.91128158569336,316.631591796875,0.3492909371852875,False
171,1,overnight_b171_j1,21101,2.1140739917755127,11.437164306640625,0.3804382085800171,False
171,2,overnight_b171_j2,21102,0.8947088718414307,11.298887252807617,0.3694417476654053,False
171,3,overnight_b171_j3,21103,14.469778060913086,44.43357849121094,0.36587777733802795,False
171,4,overnight_b171_j4,21104,39.52349090576172,13.995294570922852,0.5628325343132019,False
172,1,overnight_b172_j1,21201,2.4823734760284424,77.95787048339844,0.3774665296077728,False
172,2,overnight_b172_j2,21202,1.6480052471160889,37.05546188354492,0.38371479511260986,False
172,3,overnight_b172_j3,21203,8.376398086547852,12.343070030212402,0.3500591218471527,False
172,4,overnight_b172_j4,21204,38.82084274291992,238.1345977783203,0.40741944313049316,False
173,1,overnight_b173_j1,21301,7.599175453186035,27.14189338684082,0.4307231307029724,False
173,2,overnight_b173_j2,21302,9.049432754516602,9.049432754516602,0.4238995909690857,False
173,3,overnight_b173_j3,21303,10.825762748718262,54.87216567993164,0.32463765144348145,False
173,4,overnight_b173_j4,21304,15.320462226867676,29.709787368774414,0.2853861153125763,False
174,1,overnight_b174_j1,21401,18.234262466430664,53.933536529541016,0.3273297846317291,False
174,2,overnight_b174_j2,21402,1.8378312587738037,1.8378312587738037,0.4065430462360382,False
174,3,overnight_b174_j3,21403,223.68238830566406,294.4752197265625,0.6113519668579102,False
174,4,overnight_b174_j4,21404,27.71489906311035,57.91628646850586,0.3538033366203308,False
175,1,overnight_b175_j1,21501,20.891399383544922,43.120094299316406,0.4849306046962738,False
175,2,overnight_b175_j2,21502,4.2275800704956055,4.2275800704956055,0.4380328953266144,False
175,3,overnight_b175_j3,21503,64.14627075195312,141.9867706298828,0.3225649893283844,False
175,4,overnight_b175_j4,21504,6.780579566955566,27.01338768005371,0.3379457890987396,False
176,1,overnight_b176_j1,21601,1.8865909576416016,6.652713775634766,0.3584803640842438,False
176,2,overnight_b176_j2,21602,3.1238057613372803,111.61103820800781,0.39184296131134033,False
176,3,overnight_b176_j3,21603,15.688727378845215,93.85751342773438,0.3415314555168152,False
176,4,overnight_b176_j4,21604,69.44956970214844,44.12953567504883,0.4956890642642975,False
177,1,overnight_b177_j1,21701,0.766072154045105,3.512458562850952,0.48481589555740356,False
177,2,overnight_b177_j2,21702,3.174814462661743,5.48789644241333,0.322608083486557,False
177,3,overnight_b177_j3,21703,33.404808044433594,59.2735595703125,0.3366040587425232,False
177,4,overnight_b177_j4,21704,8.379476547241211,6.371845722198486,0.33348461985588074,False
178,1,overnight_b178_j1,21801,7.574221611022949,40.8974494934082,0.3840133845806122,False
178,2,overnight_b178_j2,21802,30.653661727905273,102.55030822753906,0.4602122902870178,False
178,3,overnight_b178_j3,21803,11.875055313110352,16.74524688720703,0.3474121391773224,False
178,4,overnight_b178_j4,21804,17.275636672973633,259.9169616699219,0.34619924426078796,False
179,1,overnight_b179_j1,21901,4.891528606414795,582.6328125,0.3544262945652008,False
179,2,overnight_b179_j2,21902,5.398770332336426,11.101652145385742,0.4413912892341614,False
179,3,overnight_b179_j3,21903,32.38862991333008,126.4798355102539,0.36371636390686035,False
179,4,overnight_b179_j4,21904,14.753585815429688,224.68324279785156,0.32602089643478394,False
180,1,overnight_b180_j1,22001,27.5167179107666,54.87712478637695,0.3937131464481354,False
180,2,overnight_b180_j2,22002,11.111007690429688,192.1735382080078,0.4804457426071167,False
180,3,overnight_b180_j3,22003,2.824324131011963,10.253355979919434,0.37962397933006287,False
180,4,overnight_b180_j4,22004,6.503526210784912,133.9938507080078,0.3428531289100647,False
181,1,overnight_b181_j1,22101,3.2568111419677734,464.3820495605469,0.5903315544128418,False
181,2,overnight_b181_j2,22102,11.215869903564453,38.79608154296875,0.46373602747917175,False
181,3,overnight_b181_j3,22103,12.144441604614258,69.79536437988281,0.3316655158996582,False
181,4,overnight_b181_j4,22104,33.98131561279297,94.70691680908203,0.31099289655685425,False
182,1,overnight_b182_j1,22201,6.253291606903076,63.62596130371094,0.37861427664756775,False
182,2,overnight_b182_j2,22202,10.629749298095703,13.669351577758789,0.4345959722995758,False
182,3,overnight_b182_j3,22203,37.043460845947266,41.73149871826172,0.30449047684669495,False
182,4,overnight_b182_j4,22204,1.3674668073654175,1.3674668073654175,0.32704031467437744,False
183,1,overnight_b183_j1,22301,9.699828147888184,25.779102325439453,0.3875136077404022,False
183,2,overnight_b183_j2,22302,10.375354766845703,62.28814697265625,0.4834247827529907,False
183,3,overnight_b183_j3,22303,41.033260345458984,126.95062255859375,0.3778665363788605,False
183,4,overnight_b183_j4,22304,39.31193542480469,83.74348449707031,0.36974379420280457,False
184,1,overnight_b184_j1,22401,13.034148216247559,34.24119186401367,0.3583356738090515,False
184,2,overnight_b184_j2,22402,12.775036811828613,41.58887481689453,0.4397478401660919,False
184,3,overnight_b184_j3,22403,30.78632164001465,97.87109375,0.33071252703666687,False
184,4,overnight_b184_j4,22404,45.940406799316406,105.19686126708984,0.3373805582523346,False
185,1,overnight_b185_j1,22501,2.695842981338501,20.523378372192383,0.5770250558853149,False
185,2,overnight_b185_j2,22502,2.727537155151367,71.03944396972656,0.39349186420440674,False
185,3,overnight_b185_j3,22503,34.47225570678711,34.47225570678711,0.3638840317726135,False
185,4,overnight_b185_j4,22504,31.937223434448242,163.55923461914062,0.3622274100780487,False
186,1,overnight_b186_j1,22601,8.072101593017578,1.016939640045166,0.44026076793670654,False
186,2,overnight_b186_j2,22602,5.014468193054199,17.700237274169922,0.43131932616233826,False
186,3,overnight_b186_j3,22603,3.6550538539886475,31.963518142700195,0.305317759513855,False
186,4,overnight_b186_j4,22604,21.938745498657227,126.93517303466797,0.32051151990890503,False
187,1,overnight_b187_j1,22701,9.706229209899902,83.7252197265625,0.4165651202201843,False
187,2,overnight_b187_j2,22702,1.1150712966918945,0.8973771333694458,0.3718809485435486,False
187,3,overnight_b187_j3,22703,13.487196922302246,140.22442626953125,0.4200845956802368,False
187,4,overnight_b187_j4,22704,115.25981903076172,459.4130859375,0.32687270641326904,False
188,1,overnight_b188_j1,22801,24.97077751159668,40.97429275512695,0.38043758273124695,False
188,2,overnight_b188_j2,22802,2.502640962600708,1.6161774396896362,0.42585837841033936,False
188,3,overnight_b188_j3,22803,65.05877685546875,302.94305419921875,0.3332033157348633,False
188,4,overnight_b188_j4,22804,2.6256372928619385,4.9704484939575195,0.36899739503860474,False
189,1,overnight_b189_j1,22901,1.1798655986785889,54.2193603515625,0.42807820439338684,False
189,2,overnight_b189_j2,22902,6.260381698608398,6.260381698608398,0.40440234541893005,False
189,3,overnight_b189_j3,22903,20.744203567504883,98.36438751220703,0.3711547553539276,False
189,4,overnight_b189_j4,22904,16.26072120666504,302.3535461425781,0.3486965298652649,False
190,1,overnight_b190_j1,23001,1.5488743782043457,1.5488743782043457,0.4448685348033905,False
190,2,overnight_b190_j2,23002,7.391876220703125,31.94501495361328,0.40256670117378235,False
190,3,overnight_b190_j3,23003,3.2518553733825684,56.639892578125,0.33918970823287964,False
190,4,overnight_b190_j4,23004,19.34784507751465,185.40536499023438,0.3584502935409546,False
191,1,overnight_b191_j1,23101,18.44910430908203,18.317068099975586,0.4133206903934479,False
191,2,overnight_b191_j2,23102,12.039700508117676,25.636568069458008,0.3773380219936371,False
191,3,overnight_b191_j3,23103,44.59370040893555,707.191162109375,0.3430972695350647,False
191,4,overnight_b191_j4,23104,56.53355026245117,134.04025268554688,0.3174029588699341,False
192,1,overnight_b192_j1,23201,7.546740531921387,26.11172103881836,0.41212597489356995,False
192,2,overnight_b192_j2,23202,6.467369556427002,22.82990264892578,0.3480631113052368,False
192,3,overnight_b192_j3,23203,36.927635192871094,120.03622436523438,0.3491002917289734,False
192,4,overnight_b192_j4,23204,16.88629722595215,14.322672843933105,0.35005271434783936,False
193,1,overnight_b193_j1,23301,1.1544384956359863,38.78285217285156,0.3969385623931885,False
193,2,overnight_b193_j2,23302,26.40996742248535,518.8975219726562,0.5003023743629456,False
193,3,overnight_b193_j3,23303,24.96729850769043,25.319211959838867,0.4184378683567047,False
193,4,overnight_b193_j4,23304,3.2779018878936768,140.322265625,0.38282129168510437,False
194,1,overnight_b194_j1,23401,20.819063186645508,13.091169357299805,0.4459611773490906,False
194,2,overnight_b194_j2,23402,20.545124053955078,33.65748977661133,0.38995838165283203,False
194,3,overnight_b194_j3,23403,4.450429916381836,16.263805389404297,0.3351036012172699,False
194,4,overnight_b194_j4,23404,12.785393714904785,13.81872272491455,0.3018891513347626,False
195,1,overnight_b195_j1,23501,1.062570333480835,16.061443328857422,0.38325947523117065,False
195,2,overnight_b195_j2,23502,6.2630615234375,52.885372161865234,0.4616595506668091,False
195,3,overnight_b195_j3,23503,5.216968059539795,44.63685989379883,0.3732846975326538,False
195,4,overnight_b195_j4,23504,6.782296657562256,1.6495187282562256,0.34367868304252625,False
196,1,overnight_b196_j1,23601,1.7576121091842651,401.2986755371094,0.4479084014892578,False
196,2,overnight_b196_j2,23602,21.131284713745117,74.75885009765625,0.36412572860717773,False
196,3,overnight_b196_j3,23603,18.98726463317871,18.98726463317871,0.3969714045524597,False
196,4,overnight_b196_j4,23604,4.305119037628174,1.1070315837860107,0.3332613706588745,False
197,1,overnight_b197_j1,23701,12.21744155883789,53.377716064453125,0.42416101694107056,False
197,2,overnight_b197_j2,23702,16.826622009277344,269.5152893066406,0.44367942214012146,False
197,3,overnight_b197_j3,23703,0.807573676109314,83.481201171875,0.3485631048679352,False
197,4,overnight_b197_j4,23704,26.50389862060547,278.3345031738281,0.31083303689956665,False
198,1,overnight_b198_j1,23801,11.117838859558105,80.8582763671875,0.3688891530036926,False
198,2,overnight_b198_j2,23802,11.488144874572754,26.948162078857422,0.3856220245361328,False
198,3,overnight_b198_j3,23803,22.496984481811523,342.33856201171875,0.39881908893585205,False
198,4,overnight_b198_j4,23804,4.947448253631592,59.301822662353516,0.3408981263637543,False
199,1,overnight_b199_j1,23901,13.243927955627441,98.93167877197266,0.39941561222076416,False
199,2,overnight_b199_j2,23902,0.7856669425964355,36.27405548095703,0.4367040991783142,False
199,3,overnight_b199_j3,23903,2.4681577682495117,49.47423553466797,0.3089042603969574,False
199,4,overnight_b199_j4,23904,17.279767990112305,151.828125,0.32428187131881714,False
200,1,overnight_b200_j1,24001,9.218017578125,48.2774543762207,0.4626097083091736,False
200,2,overnight_b200_j2,24002,12.158798217773438,101.52750396728516,0.397411584854126,False
200,3,overnight_b200_j3,24003,2.1762382984161377,184.212890625,0.31117507815361023,False
200,4,overnight_b200_j4,24004,27.344236373901367,265.3843078613281,0.29442283511161804,False
201,1,overnight_b201_j1,24101,10.922602653503418,10.922602653503418,0.38037893176078796,False
201,2,overnight_b201_j2,24102,17.602678298950195,43.593658447265625,0.40630340576171875,False
201,3,overnight_b201_j3,24103,41.99735641479492,76.98365783691406,0.2999671995639801,False
201,4,overnight_b201_j4,24104,1.2346649169921875,140.05331420898438,0.4132086932659149,False
202,1,overnight_b202_j1,24201,4.206316947937012,14.850569725036621,0.43054309487342834,False
202,2,overnight_b202_j2,24202,11.005181312561035,19.01358985900879,0.3844747841358185,False
202,3,overnight_b202_j3,24203,23.506427764892578,24.427148818969727,0.37666502594947815,False
202,4,overnight_b202_j4,24204,12.221105575561523,44.89629364013672,0.3187413513660431,False
203,1,overnight_b203_j1,24301,120.15679931640625,512.8341674804688,0.49301621317863464,False
203,2,overnight_b203_j2,24302,1.1135189533233643,12.141801834106445,0.39315611124038696,False
203,3,overnight_b203_j3,24303,16.89923858642578,13.920727729797363,0.40911200642585754,False
203,4,overnight_b203_j4,24304,71.35482025146484,284.97540283203125,0.3096320927143097,False
204,1,overnight_b204_j1,24401,7.391469955444336,6.517975330352783,0.35004961490631104,False
204,2,overnight_b204_j2,24402,6.281822204589844,29.51413917541504,0.42309510707855225,False
204,3,overnight_b204_j3,24403,3.726630449295044,39.5625114440918,0.31129732728004456,False
204,4,overnight_b204_j4,24404,32.400760650634766,49.564910888671875,0.31228530406951904,False
205,1,overnight_b205_j1,24501,16.349903106689453,19.624826431274414,0.3911563456058502,False
205,2,overnight_b205_j2,24502,8.548626899719238,93.96440887451172,0.40624764561653137,False
205,3,overnight_b205_j3,24503,24.938711166381836,37.384117126464844,0.35393133759498596,False
205,4,overnight_b205_j4,24504,52.17923355102539,187.61294555664062,0.36185771226882935,False
206,1,overnight_b206_j1,24601,2.218494176864624,10.246997833251953,0.5265538692474365,False
206,2,overnight_b206_j2,24602,1.946980595588684,2.8731040954589844,0.3740502893924713,False
206,3,overnight_b206_j3,24603,46.375179290771484,104.77140045166016,0.3155948519706726,False
206,4,overnight_b206_j4,24604,0.8417624831199646,11.725295066833496,0.3189942240715027,False
207,1,overnight_b207_j1,24701,9.98208236694336,48.7092170715332,0.6369658708572388,False
207,2,overnight_b207_j2,24702,28.920804977416992,174.6221466064453,0.41156625747680664,False
207,3,overnight_b207_j3,24703,6.536924362182617,191.3396759033203,0.48834046721458435,False
207,4,overnight_b207_j4,24704,8.269038200378418,23.543548583984375,0.35007262229919434,False
208,1,overnight_b208_j1,24801,0.7670831084251404,11.0173978805542,0.3876260221004486,False
208,2,overnight_b208_j2,24802,1.453975796699524,13.487462043762207,0.3889034688472748,False
208,3,overnight_b208_j3,24803,28.78556251525879,48.3618049621582,0.3547476828098297,False
208,4,overnight_b208_j4,24804,11.5797758102417,32.818359375,0.3186284601688385,False
209,1,overnight_b209_j1,24901,2.6731834411621094,131.06402587890625,0.37604090571403503,False
209,2,overnight_b209_j2,24902,13.790549278259277,8.262051582336426,0.42409494519233704,False
209,3,overnight_b209_j3,24903,1.2531445026397705,1.9190748929977417,0.40411001443862915,False
209,4,overnight_b209_j4,24904,60.821861267089844,89.66332244873047,0.32371771335601807,False
210,1,overnight_b210_j1,25001,8.587023735046387,9.357307434082031,0.3723878562450409,False
210,2,overnight_b210_j2,25002,5.205489158630371,14.651570320129395,0.4026585817337036,False
210,3,overnight_b210_j3,25003,11.94560718536377,11.94560718536377,0.4119766354560852,False
210,4,overnight_b210_j4,25004,3.387437105178833,303.7942199707031,0.3111940324306488,False
211,1,overnight_b211_j1,25101,18.753461837768555,29.025724411010742,0.36646997928619385,False
211,2,overnight_b211_j2,25102,0.8733291029930115,20.683006286621094,0.3890242874622345,False
211,3,overnight_b211_j3,25103,7.143947601318359,69.51927185058594,0.35763201117515564,False
211,4,overnight_b211_j4,25104,6.78519344329834,14.446340560913086,0.3652186393737793,False
212,1,overnight_b212_j1,25201,3.447012424468994,0.9680388569831848,0.4683780074119568,False
212,2,overnight_b212_j2,25202,25.51947784423828,59.46380615234375,0.3378697633743286,False
212,3,overnight_b212_j3,25203,7.142409324645996,15.184810638427734,0.3141120970249176,False
212,4,overnight_b212_j4,25204,26.468936920166016,12.658920288085938,0.33046069741249084,False
213,1,overnight_b213_j1,25301,14.113631248474121,21.944738388061523,0.5925682783126831,False
213,2,overnight_b213_j2,25302,15.842146873474121,56.3502311706543,0.4816308617591858,False
213,3,overnight_b213_j3,25303,20.370059967041016,60.19596862792969,0.31543007493019104,False
213,4,overnight_b213_j4,25304,10.870018005371094,680.2334594726562,0.33882400393486023,False
214,1,overnight_b214_j1,25401,10.956077575683594,24.022321701049805,0.4148605763912201,False
214,2,overnight_b214_j2,25402,1.0453238487243652,1.0453238487243652,0.4021851718425751,False
214,3,overnight_b214_j3,25403,12.707437515258789,203.6618194580078,0.3163224458694458,False
214,4,overnight_b214_j4,25404,1.154600977897644,300.321533203125,0.38990527391433716,False
215,1,overnight_b215_j1,25501,4.990598201751709,33.47764587402344,0.38805046677589417,False
215,2,overnight_b215_j2,25502,3.910679578781128,42.56404113769531,0.4511184096336365,False
215,3,overnight_b215_j3,25503,4.259796619415283,10.594222068786621,0.3241208493709564,False
215,4,overnight_b215_j4,25504,1.2589799165725708,45.005802154541016,0.3245486319065094,False
216,1,overnight_b216_j1,25601,4.319690227508545,3.8385632038116455,0.44690242409706116,False
216,2,overnight_b216_j2,25602,1.7233796119689941,4.486112117767334,0.39080795645713806,False
216,3,overnight_b216_j3,25603,7.612203121185303,10.684069633483887,0.34553343057632446,False
216,4,overnight_b216_j4,25604,1.4916589260101318,2.0905706882476807,0.30727896094322205,False
217,1,overnight_b217_j1,25701,49.61539840698242,35.60955047607422,0.5149939060211182,False
217,2,overnight_b217_j2,25702,11.352076530456543,40.33831024169922,0.46809861063957214,False
217,3,overnight_b217_j3,25703,134.14712524414062,106.53477478027344,0.4307195544242859,False
217,4,overnight_b217_j4,25704,53.24824905395508,602.8025512695312,0.3422063887119293,False
218,1,overnight_b218_j1,25801,1.1475555896759033,55.794734954833984,0.38074350357055664,False
218,2,overnight_b218_j2,25802,2.1745283603668213,21.839059829711914,0.46824344992637634,False
218,3,overnight_b218_j3,25803,21.996137619018555,23.71468734741211,0.4059450924396515,False
218,4,overnight_b218_j4,25804,3.783219337463379,76.6465835571289,0.30834731459617615,False
219,1,overnight_b219_j1,25901,8.418268203735352,8.418268203735352,0.3328019976615906,False
219,2,overnight_b219_j2,25902,1.0418463945388794,2.6051065921783447,0.39591023325920105,False
219,3,overnight_b219_j3,25903,38.163753509521484,38.163753509521484,0.3306686580181122,False
219,4,overnight_b219_j4,25904,11.083003997802734,113.1760482788086,0.38279831409454346,False
220,1,overnight_b220_j1,26001,1.301209568977356,13.134110450744629,0.5243377089500427,False
220,2,overnight_b220_j2,26002,24.00139045715332,193.16856384277344,0.39466795325279236,False
220,3,overnight_b220_j3,26003,5.813060760498047,62.77574920654297,0.37873801589012146,False
220,4,overnight_b220_j4,26004,24.758258819580078,50.977413177490234,0.4512743055820465,False
221,1,overnight_b221_j1,26101,6.710749626159668,28.132349014282227,0.36252644658088684,False
221,2,overnight_b221_j2,26102,5.733463764190674,19.72330093383789,0.4310671389102936,False
221,3,overnight_b221_j3,26103,5.2697649002075195,70.14934539794922,0.41059887409210205,False
221,4,overnight_b221_j4,26104,6.089062213897705,29.61608123779297,0.3252846598625183,False
222,1,overnight_b222_j1,26201,37.0011100769043,799.0269165039062,0.4203461706638336,False
222,2,overnight_b222_j2,26202,2.8903894424438477,5.892050743103027,0.40604832768440247,False
222,3,overnight_b222_j3,26203,13.912432670593262,140.15478515625,0.32714036107063293,False
222,4,overnight_b222_j4,26204,2.684870719909668,11.286699295043945,0.3719370365142822,False
223,1,overnight_b223_j1,26301,6.934942245483398,76.3677978515625,0.3673933744430542,False
223,2,overnight_b223_j2,26302,43.52257537841797,171.3043670654297,0.6315640211105347,False
223,3,overnight_b223_j3,26303,2.198603868484497,3.787053108215332,0.38903066515922546,False
223,4,overnight_b223_j4,26304,22.297571182250977,36.07611846923828,0.3077176809310913,False
224,1,overnight_b224_j1,26401,14.252019882202148,62.01806640625,0.5016531348228455,False
224,2,overnight_b224_j2,26402,0.9184633493423462,139.60528564453125,0.4095381498336792,False
224,3,overnight_b224_j3,26403,2.8212718963623047,23.023679733276367,0.39438503980636597,False
224,4,overnight_b224_j4,26404,1.863875150680542,1.863875150680542,0.40769702196121216,False
225,1,overnight_b225_j1,26501,3.350975751876831,27.945249557495117,0.5327167510986328,False
225,2,overnight_b225_j2,26502,1.7120059728622437,3.613029956817627,0.4537695050239563,False
225,3,overnight_b225_j3,26503,3.3487203121185303,23.478565216064453,0.3070395588874817,False
225,4,overnight_b225_j4,26504,8.018399238586426,152.35357666015625,0.3145338296890259,False
226,1,overnight_b226_j1,26601,32.94449996948242,12.314950942993164,0.4422258138656616,False
226,2,overnight_b226_j2,26602,1.1355551481246948,18.800947189331055,0.46815598011016846,False
226,3,overnight_b226_j3,26603,21.665748596191406,70.65177154541016,0.36859285831451416,False
226,4,overnight_b226_j4,26604,6.700089454650879,97.43494415283203,0.38981863856315613,False
227,1,overnight_b227_j1,26701,21.098493576049805,82.21548461914062,0.39773622155189514,False
227,2,overnight_b227_j2,26702,9.886329650878906,9.886329650878906,0.5227900743484497,False
227,3,overnight_b227_j3,26703,9.096633911132812,35.41328811645508,0.4098932147026062,False
227,4,overnight_b227_j4,26704,36.58710479736328,688.4540405273438,0.3228469789028168,False
228,1,overnight_b228_j1,26801,1.0120636224746704,5.215528964996338,0.5094573497772217,False
228,2,overnight_b228_j2,26802,7.994093418121338,6.748625755310059,0.4235781729221344,False
228,3,overnight_b228_j3,26803,26.74878692626953,26.74878692626953,0.3822275400161743,False
228,4,overnight_b228_j4,26804,60.60820388793945,33.06713104248047,0.47008711099624634,False
229,1,overnight_b229_j1,26901,6.9512248039245605,16.53913688659668,0.35110774636268616,False
229,2,overnight_b229_j2,26902,6.43129301071167,6.43129301071167,0.4624856412410736,False
229,3,overnight_b229_j3,26903,5.215265274047852,26.610023498535156,0.35616984963417053,False
229,4,overnight_b229_j4,26904,12.183195114135742,12.183195114135742,0.370541512966156,False
230,1,overnight_b230_j1,27001,12.946534156799316,15.982016563415527,0.35440146923065186,False
230,2,overnight_b230_j2,27002,4.932526588439941,24.386520385742188,0.39710262417793274,False
230,3,overnight_b230_j3,27003,20.90064811706543,86.97930145263672,0.3300211727619171,False
230,4,overnight_b230_j4,27004,34.47770309448242,404.2550048828125,0.30845579504966736,False
231,1,overnight_b231_j1,27101,3.1515438556671143,30.809398651123047,0.37194371223449707,False
231,2,overnight_b231_j2,27102,8.177117347717285,52.97306823730469,0.39981675148010254,False
231,3,overnight_b231_j3,27103,3.1255345344543457,36.1122932434082,0.30259576439857483,False
231,4,overnight_b231_j4,27104,37.221275329589844,201.86349487304688,0.330827921628952,False
232,1,overnight_b232_j1,27201,27.258953094482422,32.88677215576172,0.3235003352165222,False
232,2,overnight_b232_j2,27202,10.718016624450684,10.718016624450684,0.36473241448402405,False
232,3,overnight_b232_j3,27203,72.4920654296875,44.427494049072266,0.3614504933357239,False
232,4,overnight_b232_j4,27204,4.382436752319336,38.03353500366211,0.30923694372177124,False
233,1,overnight_b233_j1,27301,22.851594924926758,60.22346115112305,0.43134739995002747,False
233,2,overnight_b233_j2,27302,0.7854170799255371,1.1693966388702393,0.37882938981056213,False
233,3,overnight_b233_j3,27303,12.47900104522705,128.43295288085938,0.3410891890525818,False
233,4,overnight_b233_j4,27304,38.58243179321289,26.5562744140625,0.34894290566444397,False
234,1,overnight_b234_j1,27401,1.0690690279006958,2.2775073051452637,0.38201138377189636,False
234,2,overnight_b234_j2,27402,0.965826153755188,25.890850067138672,0.38577648997306824,False
234,3,overnight_b234_j3,27403,10.619970321655273,10.619970321655273,0.34471648931503296,False
234,4,overnight_b234_j4,27404,1.230028748512268,40.24334716796875,0.3363686800003052,False
235,1,overnight_b235_j1,27501,1.5033583641052246,4.443253993988037,0.38645458221435547,False
235,2,overnight_b235_j2,27502,4.112041473388672,36.09174728393555,0.4449642598628998,False
235,3,overnight_b235_j3,27503,16.336746215820312,16.393098831176758,0.35690081119537354,False
235,4,overnight_b235_j4,27504,7.04455041885376,72.73946380615234,0.329277366399765,False
236,1,overnight_b236_j1,27601,39.928504943847656,39.928504943847656,0.4475066363811493,False
236,2,overnight_b236_j2,27602,1.3194468021392822,169.99339294433594,0.5539084076881409,False
236,3,overnight_b236_j3,27603,51.99139404296875,98.2890625,0.35045814514160156,False
236,4,overnight_b236_j4,27604,2.1644487380981445,60.576866149902344,0.3172493577003479,False
237,1,overnight_b237_j1,27701,4.944053649902344,39.040809631347656,0.5035109519958496,False
237,2,overnight_b237_j2,27702,5.997480392456055,13.140549659729004,0.34942981600761414,False
237,3,overnight_b237_j3,27703,6.975273132324219,44.30577087402344,0.33630236983299255,False
237,4,overnight_b237_j4,27704,71.7081298828125,233.107421875,0.3211142122745514,False
238,1,overnight_b238_j1,27801,11.065840721130371,7.3399200439453125,0.4432569146156311,False
238,2,overnight_b238_j2,27802,10.68985652923584,124.03319549560547,0.39210596680641174,False
238,3,overnight_b238_j3,27803,21.58417510986328,50.31492614746094,0.3615570664405823,False
238,4,overnight_b238_j4,27804,30.80259895324707,160.2427215576172,0.30554625391960144,False
239,1,overnight_b239_j1,27901,1.442457914352417,11.5078125,0.39909592270851135,False
239,2,overnight_b239_j2,27902,4.942202091217041,187.25408935546875,0.6090860366821289,False
239,3,overnight_b239_j3,27903,11.416534423828125,258.5236511230469,0.3520250618457794,False
239,4,overnight_b239_j4,27904,34.8735237121582,174.0825958251953,0.3038531243801117,False
240,1,overnight_b240_j1,28001,5.595941066741943,23.756656646728516,0.361875981092453,False
240,2,overnight_b240_j2,28002,1.2765039205551147,1.474442958831787,0.409250408411026,False
240,3,overnight_b240_j3,28003,25.561878204345703,120.57415008544922,0.341994971036911,False
240,4,overnight_b240_j4,28004,27.696205139160156,159.57688903808594,0.34656229615211487,False
241,1,overnight_b241_j1,28101,19.963254928588867,45.947059631347656,0.38057249784469604,False
241,2,overnight_b241_j2,28102,19.263795852661133,77.49867248535156,0.5085570216178894,False
241,3,overnight_b241_j3,28103,11.651575088500977,14.621767044067383,0.48369354009628296,False
241,4,overnight_b241_j4,28104,10.934404373168945,33.902862548828125,0.37580370903015137,False
242,1,overnight_b242_j1,28201,1.018643856048584,14.649701118469238,0.384543240070343,False
242,2,overnight_b242_j2,28202,8.114569664001465,6.861516952514648,0.5423206090927124,False
242,3,overnight_b242_j3,28203,1.356528878211975,28.4414119720459,0.33268824219703674,False
242,4,overnight_b242_j4,28204,33.15231704711914,90.81802368164062,0.43760886788368225,False
243,1,overnight_b243_j1,28301,1.7368804216384888,71.52600860595703,0.48256951570510864,False
243,2,overnight_b243_j2,28302,12.398606300354004,20.953636169433594,0.4273223578929901,False
243,3,overnight_b243_j3,28303,81.39606475830078,236.5670928955078,0.35466858744621277,False
243,4,overnight_b243_j4,28304,17.275390625,2.714073419570923,0.4178900420665741,False
244,1,overnight_b244_j1,28401,21.652915954589844,33.42153549194336,0.3728969991207123,False
244,2,overnight_b244_j2,28402,5.1974992752075195,41.35192108154297,0.4465193748474121,False
244,3,overnight_b244_j3,28403,115.24148559570312,420.0347900390625,0.36251387000083923,False
244,4,overnight_b244_j4,28404,14.561538696289062,58.13916778564453,0.33228498697280884,False
245,1,overnight_b245_j1,28501,1.2017189264297485,1.2017189264297485,0.3158377707004547,False
245,2,overnight_b245_j2,28502,32.53931427001953,113.28975677490234,0.3976072669029236,False
245,3,overnight_b245_j3,28503,25.742206573486328,74.67831420898438,0.3413040339946747,False
245,4,overnight_b245_j4,28504,37.902061462402344,356.3060302734375,0.410431832075119,False
246,1,overnight_b246_j1,28601,14.540546417236328,54.42576217651367,0.4455505609512329,False
246,2,overnight_b246_j2,28602,8.948606491088867,14.044790267944336,0.39323413372039795,False
246,3,overnight_b246_j3,28603,13.640439987182617,20.412578582763672,0.3610120117664337,False
246,4,overnight_b246_j4,28604,1.6396456956863403,200.9592742919922,0.31583088636398315,False
247,1,overnight_b247_j1,28701,21.358854293823242,52.859397888183594,0.4392048716545105,False
247,2,overnight_b247_j2,28702,1.1232331991195679,2.741521120071411,0.3603474497795105,False
247,3,overnight_b247_j3,28703,8.957104682922363,24.5363712310791,0.35956302285194397,False
247,4,overnight_b247_j4,28704,2.1247873306274414,6.918573379516602,0.32216784358024597,False
248,1,overnight_b248_j1,28801,3.6258604526519775,4.244832515716553,0.4345715641975403,False
248,2,overnight_b248_j2,28802,13.940496444702148,90.83858489990234,0.38671988248825073,False
248,3,overnight_b248_j3,28803,19.01378631591797,42.917423248291016,0.34324222803115845,False
248,4,overnight_b248_j4,28804,18.76868438720703,18.76868438720703,0.34278300404548645,False
249,1,overnight_b249_j1,28901,10.010340690612793,60.6191291809082,0.48776867985725403,False
249,2,overnight_b249_j2,28902,0.8305842280387878,14.174613952636719,0.41634413599967957,False
249,3,overnight_b249_j3,28903,7.5054545402526855,7.5054545402526855,0.34162962436676025,False
249,4,overnight_b249_j4,28904,20.3697452545166,129.60772705078125,0.35551995038986206,False
